9EDswie33;ORPHANE
JN47-_Jts;ORPHANE
XZghtuBBi;ORPHANE
9JjCWQ3yW;ORPHANE
wkeSI62Dh;ORPHANE
3B8cXZhFq;ORPHANE
cYqlI2c8daV;ORPHANE
xEF4BEb7t;ORPHANE
dHbvdPuB8;ORPHANE
BKmaBYaxU;ORPHANE
bC-c1t3Jh;ORPHANE
jOx2HtD8x;ORPHANE
TO8otiey0;ORPHANE
k6bXXrW3_;ORPHANE
tsAUe2c5I;ORPHANE
W8PrKTPOc;ORPHANE
aBqlw3EAe;ORPHANE
zOGhwjg6m;ORPHANE
EGdJWslNp;ORPHANE
Rb-MPPGiW;ORPHANE
xwXgz1Pfa;ORPHANE
6p4p0A84N;ORPHANE
AWC1qEQjF;ORPHANE
XuQUl2kwL;ORPHANE
7cjwehJj9;ORPHANE
BtRcJY6XQ;ORPHANE
va9iyUTYD;ORPHANE
Vtm6rfqaD;ORPHANE
Wv2dhOHKo;ORPHANE
46CV57Aje;ORPHANE
6IIrg5Ewo;ORPHANE
d3W96P-Gc;ORPHANE
3pQCmfFzN;ORPHANE
VTPOFM3LJ;ORPHANE
o5LOI4ir1;ORPHANE
R7nojBdWS;ORPHANE
XQzKOjayv;ORPHANE
ZQl5KXuv-;ORPHANE
oFGEd2JtV;ORPHANE
BG6_H8mOW;ORPHANE
axIZY-PsQ;ORPHANE
LqGUAz4un;ORPHANE
qR-LxzGPK;ORPHANE
LxX5yEHYY;ORPHANE
A3d4BYRqh;ORPHANE
5X4DiXPDJ;ORPHANE
p6PIKv0c4;ORPHANE
q1cwZDLt6;RENAME:byrūo
UmNoejSoI;RENAME:cınēıtāo
oeQR7HkTB;RENAME:sıasā
VOSV-V65O;RENAME:tuaobūsēu
6D76uxON8;DELETE
H82JW5foK;DELETE
Jk5wUgliS;DELETE
q1lZ5P5Iv;DELETE
aosVysx2z;DELETE
TuY7EQam5;DELETE
thm3x9Bc4;DELETE
qRYg26urY;DELETE
feMaCHDG7;DELETE
UgF0D8Oxf;DELETE
9A9uZ0uemL;DELETE
wi_TCP8sL;DELETE
bhREolsYi;DELETE
-MVNTN0O5w;DELETE
VKA05KvM1;DELETE
hdCvA1CuY;DELETE
4JgEmgzh-;DELETE
h17yXirZa;DELETE
xMTZo5ovD;DELETE
4n3MtlkSAW;DELETE
h1L_QvE7H;DELETE
d5jkbbySz;DELETE
wIKV8mL8w;DELETE
mIQ6gcLBN;DELETE
qkwJy6r8dO;DELETE
PxT8YnUmO;DELETE
EGGq6eUHm;DELETE
tAf9okOd_;DELETE
roDa03DMa;DELETE
2itOeCfKf;DELETE
xA1x6oUhp;DELETE
HeJN2Ov3tC;DELETE
Zg_HvL-S7;DELETE
K3jC7xy-T;DELETE
aehfwYPHI;DELETE
mpFTUvf3N;DELETE
QBvbVRiD5;DELETE
x51lWtzOI;DELETE
rEZ8voEze;DELETE
MFqEWy1fH;DELETE
6R6OwuX1J37;DELETE
P6Cj0pPPoCv;DELETE
HmeNimKabZY;DELETE
e2S8yIuU-_;DELETE
O0yQ0LN7zn;DELETE
SvY6wr879;DELETE
v1u4laZwO;DELETE
YQJINqw2V;DELETE
wNxBm0gnF;DELETE
VKz4dEyYx;DELETE
h-4tR3cSY;DELETE
Qw1_oepxC;DELETE
zFVrWeOyC;DELETE
148kWbIKY;DELETE
HYvKQRDj3;DELETE
rQ_kbh7_u;DELETE
L87aYLtBiT;DELETE
EJtaKWI52;DELETE
9LVGphnvO;DELETE
GbSiq-MjP;DELETE
jMLXlO-XH;DELETE
M8hE75T77;DELETE
rI6F-8QQv;DELETE
jVe6ciy6m;DELETE
tMykgNdyD;DELETE
nneDth8bv;DELETE
wpSiZBw2l;DELETE
9DIjyECRk;DELETE
97UfZJfGp;DELETE
QBNlY63_Tn;DELETE
QtU1Vn1Xc;DELETE
RyNw1oaEB;DELETE
-qemw5fvA;DELETE
VTaIwhWSg;DELETE
2UiAiEcGN;DELETE
oPr-jjkdJ;DELETE
2-nq9WnuE;DELETE
kasUFHys4;DELETE
S35-OrrFd;DELETE
_4D8WH9JKmJ;DELETE
FjwjBKVKo;DELETE
H_FXwezkm;DELETE
rOEf_3vR2;DELETE
84plZRslTh;DELETE
xsUZwlIst;DELETE
HXuGRkojP;DELETE
ZHCLoMiX_W;DELETE
z7C3YQjT0;DELETE
CHr_LRCIN;DELETE
ry7m1h8vMg;DELETE
6qHpy_Ahc;DELETE
bAruXInvj;DELETE
aRjUFrH07i;DELETE
hm8OmVHqy;DELETE
1KhBSbKDg;DELETE
xHjSqsP3v;DELETE
Yostk24_8;DELETE
t7ES67Yi5;DELETE
MQoGGZW4w;DELETE
CNUYKakjZ;DELETE
aisQnrPSNF;DELETE
6gRfVhxmS;DELETE
kqzPEkBle;DELETE
a89BCNnY0E;DELETE
AzfzZVvWz;DELETE
lTj9SJVpJG;DELETE
w55XRPL8z;DELETE
B7_nfX35S;DELETE
PD77nJYj6;DELETE
nMOpiusQ-;DELETE
98XA8nZvs;DELETE
DhADjtpqW;DELETE
c9M4vMgVl;DELETE
tEiknLi87;DELETE
j55oAqCSM;DELETE
ngKjgedJK;DELETE
q7rkZNwN9;DELETE
wUFEu7r6x;DELETE
sxp39LtcC;DELETE
V0Kpf4bSE;DELETE
R_f3ZqS6b;DELETE
IAxe5-tpJ;DELETE
qAreO-X_5;DELETE
r1YhopqIti;DELETE
0-20OQSmh;DELETE
EPhplho2v;DELETE
00cuExtSr;DELETE
rZbb3yRjL;DELETE
GBST0pONe;DELETE
wefj90siD;DELETE
jRO-nDTxa;DELETE
exU4bQctn;DELETE
YL-Grq7Hf;DELETE
EW-2WEYOC;DELETE
NY2i1RrJyC;DELETE
SfKHAU6uW;DELETE
C4OXAHqCd;DELETE
ccKO4w7gf;DELETE
GqFEFJR4TI;DELETE
oqZ3twxK5D;DELETE
iz3oTZC9S;DELETE
CuReFMZOk;DELETE
DT2NbgNFW;DELETE
mpt_56-vw;DELETE
9tCuMYfED;DELETE
7d4Lavvf-;DELETE
-zDSGdREI;DELETE
YPepvqJnX;DELETE
oEuH1i-Gxr;DELETE
61VzXdk0-;DELETE
AabZVM-zl;DELETE
6IphvkadG;DELETE
uSKYUJi7z;DELETE
cTtp6Bskt;DELETE
aKq6tqBxJ;DELETE
539bvbO0Z;DELETE
lfogACJE10;DELETE
tTJBZgw7t;DELETE
Q16tLjr4U;DELETE
0_XnOSV7E;DELETE
LT18puXdmn;DELETE
1hlbY-Zgm;DELETE
HpS6mM_Cb;DELETE
sMJFC2EHJ;DELETE
mSIfxe-4K4j;DELETE
msSRcLXIu;DELETE
3Xx5skLNF;DELETE
chI0oxulX;DELETE
BEAb1z2QZf;DELETE
bsAYx_WJ0I;DELETE
qyK4mbA6m;DELETE
pvMiwGb-4j;DELETE
ybPjQZFnT;DELETE
exVGRuL2M;DELETE
RU8ABM1za5;DELETE
_y8bnCqVm;DELETE
Qdncp1F0b;DELETE
n1FVpcYj3;DELETE
U6KVMYt1C;DELETE
TM_gThV8W4;DELETE
kKbugXaVAz;DELETE
c-00bzAaA;DELETE
3UaRLtcuB;DELETE
YjUWrKEsy;DELETE
TRSa-FwRjiz;DELETE
mNIBa7BKQ;DELETE
CMpq0TRu7;DELETE
8zdYCN_jz;DELETE
U5bVFs3MN;DELETE
J7qSSDKcnd;DELETE
Li6bJyYv6;DELETE
LWTNo1gPl;DELETE
1QhPMPGub4;DELETE
oNVEg1ncR;DELETE
BTgMtJUs0;DELETE
_MT7FGiAK;DELETE
8Dk3bj4e2;DELETE
mTmgnvHi5;DELETE
tO-pRmXOn;DELETE
md2XevuLR;DELETE
I0rSsujuRxw;DELETE
hkb4i8Ywb;DELETE
g2u36x2SN;DELETE
G9bHJM3DS66;DELETE
I7LkV2Aly;DELETE
CZHjvSS5N;DELETE
fLCEKkKWt;DELETE
ITpT21tDKrP;DELETE
LAbtUUUA9j;DELETE
3xtw_2R4z;DELETE
kDLLzK6EK;DELETE
1ntrYuvgb2;DELETE
0ylnNUmfAg;DELETE
nORK_Pa1XQ;DELETE
O_t-bnAia;DELETE
0y1UTyd__;DELETE
HsCqpRnwX;DELETE
W5BBIk0Xb;DELETE
pbwemuAmr;DELETE
q2zLq_70-m;DELETE
uDtuRa3Iv;DELETE
iCQ6EulPvk;DELETE
gXLxrgLZe;DELETE
xg-k-6QHJ;DELETE
Lfoj6HlzTD;DELETE
T-tNh_Jk7;DELETE
C_cNzWa9ay;DELETE
nHYTO0e6jl;DELETE
3pdJR5vpH;DELETE
cCPXPe__x;DELETE
DM8R7aTEx;DELETE
LI7HVJzK_;DELETE
mZvewcgDfOO;DELETE
NCk4tXdZM;DELETE
IbS_0OOU5;DELETE
LelHgNhK6;DELETE
pfwoY7Nzdo;DELETE
hpnOBbz5D;DELETE
CJKfrXS-6;DELETE
x9gOOTZ3Ng;DELETE
uGuUjVadO;DELETE
6sWjRlnxJf;DELETE
iq-KGKtm-;DELETE
tXqiZH9DT;DELETE
_mqjVSJNfw;DELETE
QRD1rDkaCY;DELETE
6HLe3RREY;DELETE
SyvvCRFbE;DELETE
FF13iMbZvC;DELETE
W3hn-dAbK;DELETE
qdeiKaJICs;DELETE
UHXHOQ7oeU;DELETE
uBFFxkxnc;DELETE
bocmlSFC2;DELETE
WHIL64ugB;DELETE
yT4DjReam;DELETE
YYBS_blsH;DELETE
qfwCm8FoT;DELETE
bUvtEIJp9;DELETE
LStPE-8wt;DELETE
_1vN_AvYm;DELETE
vhzmp-EPP;DELETE
ZF4PVezBV;DELETE
3dfhP1wkR;DELETE
CeOjKLYUA;DELETE
ThQHiHeOQ;DELETE
isq1G4lux;DELETE
_akVVFkdH;DELETE
S2H1quHQ2;DELETE
rW-Yylnp3;DELETE
XvcApgoYH;DELETE
gT-TkQi2o;DELETE
RjYGP_bUJ;DELETE
sNtY2ZOAw;DELETE
0L4YKntCI;DELETE
2LMKd1fY4;DELETE
c_D_H0_i9;DELETE
GJLRGOslx;DELETE
Z8ZiSdPlRU;DELETE
Fi88zCH1An;DELETE
NNxJZb7cjb;DELETE
gF_vImynIj;DELETE
FN3iVcScG;DELETE
yXBeLlHeW;DELETE
ypIf3LarK;DELETE
lbGOzrJ7o;DELETE
cqEKlFD6g;DELETE
wq4YEDkWA;DELETE
zBlUX7QjW;DELETE
AzfzZVvWz;DELETE
DT2NbgNFW;DELETE
mpt_56-vw;DELETE
wUFEu7r6x;DELETE
4Bxi-YDct;DELETE
-4ZycrOw1;DELETE
x4kY2y8N3;DELETE
WfLO9gvmX;DELETE
xdJsnhde7;DELETE
yvlndUYCr;DELETE
tQuq_ezpc;DELETE
01INvzvnH;DELETE
DPgZQFgYc;DELETE
JN47-_Jts;DELETE
_9qCoQEc6;DELETE
9aOiXsszL;DELETE
npttjDc9G;DELETE
BTgMtJUs0;DELETE
DHCi1s5XY;DELETE
JcOK7YgbJ;DELETE
FueN29IW6;DELETE
WODhZdL0Bg;DELETE
iXWeLjKzq;DELETE
0f6JBZ4v5;DELETE
y0zBHoBDL;DELETE
Q-4-6meVl;DELETE
nE5zNnIYx;DELETE
Qtpt0W7wy;DELETE
vV6RbJ5oz;DELETE
XUGV-IR3K;DELETE
7NpMI7b7V;DELETE
ITVKO1Ehq;DELETE
pRBVptsY2;DELETE
-qs1YdieY;DELETE
Kx3NloCEa;DELETE
SEG9A-U5F;DELETE
h9dZ1aksS;DELETE
g-EHltbBf;DELETE
GdeevMgTr;DELETE
icxdGZbGU;DELETE
-R9hz-zvp;DELETE
a4NQLSeXS;DELETE
cRQueOw-N;DELETE
km2c2sKJr;DELETE
J8Swer88j;DELETE
QmKeI2149;DELETE
6tVxolcTk;DELETE
Lyb_Ujp34;DELETE
9tCuMYfED;DELETE
JANB1RaIu;DELETE
0yAMPTIXd;DELETE
URH_Mj72Q;DELETE
cCPXPe__x;DELETE
5Hac-JCQ5;DELETE
gdXVV1t_n;DELETE
5mpXVL0S8;DELETE
1ReF5JcIr;DELETE
8btOkjufL;DELETE
ijDz18r_a;DELETE
NAyMxB3oz;DELETE
RD6spocHT;DELETE
EP2vIS3cu;DELETE
firoXJbwI;DELETE
0U8v3AK3u;DELETE
RDcNSCP03;DELETE
z3YQpHWqu;DELETE
0NMOlSHV3;DELETE
HW7SFPcIX;DELETE
fmTabcyzh;DELETE
qNHfVdkCy;DELETE
VVCyoP3OA;DELETE
_MT7FGiAK;DELETE
FobPGP1_G;DELETE
W3hn-dAbK;DELETE
Pkf9I8W79;DELETE
y7k_U4gK4;DELETE
HRhoUmf4i;DELETE
XZghtuBBi;DELETE
SYOil7fql;DELETE
WnzXdJID9;DELETE
5YY8InQ8i;DELETE
sfpcTaVEc;DELETE
g-AapHAtXN;MERGE:t1TIuybMTu
OjUVs_kne;DELETE
q3AyrEOAi;DELETE
3Rf3vcMF4;DELETE
KQC9_p1YT;ORPHANE
s9B4sDxcU;ORPHANE
eO1MA6FOIv;DELETE
XyMycjv1hE;DELETE
8JQx0Ifnb;ORPHANE
MimKy7Gk_;DELETE
dfG3azcWh;ORPHANE
dxnVRP3Gm;ORPHANE
k6ReFHqxi;ORPHANE
Uphq0XLdW;DELETE
L10h-zl87;DELETE
ScvD4BOrq;DELETE
FF13iMbZvC;DELETE
SJGLoC5Ed;DELETE
F7ujW2xpF;DELETE
acZqhtpdd;RENAME:nejēq
3iST1z7Yq;MERGE:n_7YZYBtJ
OcqNFO9gY;DELETE
jK0KkhEHm;DELETE
X68wOC0zi;DELETE
dNnhvCsQk;DELETE
5wLyuOCA5;MERGE:SBqiL4jZ-
Lnv5wVqtI;DELETE
3xQ9Llc1c;MERGE:-dLT_Il2T
3qtQgOL90;MERGE:wz5XiLbNm
ixJfj32uZ;DELETE
_ryJUmbHB;DELETE
Qj0Eqwzxo;DELETE
_DVznQG8X;DELETE
Fb4vkLBrD;ORPHANE
-m3TAumus;DELETE
5FoUqtlC1;DELETE
uGuUjVadO;DELETE
eAffTJMC0;MERGE:6wgfh3RFh
sIfc6j_Io;ORPHANE
7fqQsyP3JL;DELETE
APmia-waH;DELETE
Uo_BIq2NND;DELETE
kLQcXnoCK;DELETE
