hÄ±rÄ«sÄ±;IRC
???;â–¯ organizes â–¯.
sÄ±shÄÄ±;"â–¯ faints; â–¯ drops unconscious."
nedÄ“lÄqtÅaq;â–¯ is the Dutch language.
jÄ±odÄ«u;â–¯ is architecture.
soaÄ±tÄo;â–¯ extends â–¯ 
tuqmÅ«;"Property â–¯ uniquely identifies â–¯; â–¯ is â–¯â€™s identity (one sense)."
hÄ±jÄ“o;â–¯ is the indirect question of: what satisfies pâ€™ty â–¯.
teÄ±lÄÄ±;â–¯ is a punctuation mark signifying â–¯.
za; ___ checks that  ___  is the case.
fÄ±eqkÅ«aÄ±gÄ“;â–¯ inspires â–¯ to create â–¯.
burÅ«o;â–¯ abstains from doing â–¯.
kuoshÅ«ao;â–¯ is a crow
chuqgÄ«;â–¯ is edible.
farÄqse;â–¯ is the aftermath of â–¯ doing something loosely related to going to â–¯ from â–¯.
hoqsÄ«u;â–¯ (event) is similar to â–¯ (event)
???;â–¯ is a mucous membrane, a mucosa.
heÄ±gÅ«jÅ«e;â–¯ is a December
joagÅ«;Tuesday
zurÅ«hÄ«ao;___ electrocutes ___
cÄ±ukÅ«aÄ±;need to excrete
kÄ±edÅa;â–¯ gives reward â–¯ to â–¯.
heorÅ«o;"â–¯ pretends to be â–¯/1; â–¯ acts as â–¯/1."
pesÅ'ÄÄ±;â–¯ is phallic
kuÄ±mÅ«;â–¯ is a reason why â–¯ is the case.
mÄ±gÄ«q;â–¯ = â–¯ - â–¯.
faÄ±jÄ«;â–¯ is the earliest element of â–¯ that satisfies the property â–¯.
shÄ±tÅaq;â–¯ is an idiolectÂ 
reotÅ«aÄ±;â–¯ is a chromosome.
heotÅaqtÅ«a;"â–¯ exports â–¯ from Toaq as â–¯; â–¯ translates â–¯ from Toaq as â–¯."
nedÄ“lÄq;â–¯ is Dutch / is of the Netherlands, its languages or people.
suaÄ±pÄ“q;â–¯ is a reference sheet
muÄ±tÅa;verb
tushÄ«;â–¯ is the set of all individuals that satisfy property â–¯.
huÄ±lÅaq;â–¯ is a badass.
juqgÅ«ogÅ«a;â–¯ is China.
deoqgÄq;â–¯ keeps â–¯ company.
teÄ±fÅ«Ä±;"â–¯ is soft; it is easy to change the shape of â–¯."
kÄ±oqgÄ«o;___ is a lantern.
muoqpÅ«Ä±;â–¯ is heterogenous.
anÄ«hÄ«;â–¯ is a sandwhich
buqjÄ«aÄ±;â–¯ bites â–¯
soÄ±hÄ“o;â–¯ is against â–¯.
doemÄ«q;#miqdoe
lÄ±qkÄtÄ;___ is a queen (cards)
seaqrÄ«oqnÄ«e;â–¯ conforms to the binaricity of gender.
dafÅ«q;â–¯ is confused about â–¯.
heomÄ«u;"â–¯ is an act of hypocrisy; â–¯ is hypocritical in doing â–¯."
nuÄ±lÄ«eq;penguin
hoejÄ«aÄ±;â–¯ navigates/determines one's direction/location through/in â–¯ 
sÄ±ahÄ“q;empty (contain without)
tanÅ;soil
shÄ±qhÅ«ahÅ«aÄ±;"â–¯ picks their nose; â–¯ picks â–¯'s nose."
moaqkÄ“a;â–¯ is an electronic or mechanical data storage device.
jeÄ±gÄÄ±;identify
shÄ±kÄtÄ;___ is the ace (cards)
seoqhÄ«e;grasshopper
naqsÄ«ulÄ«q;â–¯ is a butch, a male-seeming female.
naqrÅÄ±lÄ«q;â–¯ is non-binary.
sÄ±lÄbÄ;syllable
puo'ÄÄ±;â–¯ is a fine grained material
jÄ±pÅÄ±;â–¯ is an event in which I am x1.
duosÄ«a;motionless, immobile
shÄ±udÅ«a;â–¯ predicts that â–¯ will happen.
foazÄmÄ“mÄ“; ___  vibe checks  ___
joajÅq;Sunday
tuatÅ«a;â–¯ makes â–¯ do â–¯ (event).
nÄ±oqdÄ«u;â–¯is dentistry
gaÄ±nÅ;"â–¯ is a sense; â–¯ is a mode of perception concerning stimuli â–¯."
gÄ±otÄ«cÄ±a;"â–¯ is unilluminated; â–¯ is not lit by anything."
gÄ±pÄ;"â–¯ is made to satisfy property â–¯, which is good for them; â–¯ satisfies property â–¯, which is done by somebody for them."
Ä±otÄ;"predicate: â€˜yottaâ€™; â–¯ are 10<sup>24</sup> (1,000,000,000,000,000,000,000,000) in number; â–¯ are a septillion."
cÄ±kÄtÄ;___ is a six (cards)
jÄ±rÄ“;â–¯ is in relation â–¯/2 with me.
shedÅa;â–¯ offers to â–¯ that he/she/they (the former) satisfies the property â–¯.
baÄ±pÄq;part (component for assembling)
nuekÄo;â–¯ is a contract.
deaqmÄ“;â–¯ are stairs.
naobÅ«aq(mÅe);â–¯ feels as if they are repeatedly taking water in their hands, only to watch it consistently fall out (a specific type of frustration)Â 
nesÄ«e;"Sequence â–¯ is sorted by property â–¯; an element in sequence â–¯ comes earlier if it scores higher on scale â–¯."
nuÄ±hÅe;â–¯ is a photon.
lÄ±mÄ“q;â–¯ is the limit, for a variable T approaching value â–¯ (from either side), of function â–¯/2 (f(x) = y iff P(y, x)).
guqjÄ“oq;"predicate: â€˜bowlâ€™; â–¯ is a bowl (shape)"
naqkÄtÄ;___ is a king (cards)
salÄmÄ±;â–¯ is a salami
taÄ±sÄ“q;â–¯ is a type-setting of textual material â–¯ that follows typesetting principles, guidelines, stylistic choices, or restraints â–¯.
???;I think/believe that â–¯ is the case, but would like to know whether you agree that it is indeed the case.
fafÄ«a;lead (gidva)
Ã¢;"interjection: realization, ""aha!"""
kÄ±lÅ;â–¯ masses exactly â–¯ kilograms
seoshÅtÅ«eq;wedding
poqpÅ«qruobÄ«a;â–¯ has dissociative identity disorder.
pukÄo;history
feocÄ;â–¯ is directed at â–¯.
naolÅqchuo;â–¯ is a kettle.
mÄ±oÄ±;"predicate: null/no meaning, fills in a blank spot with no meaning, verbal form of ___
má»‰oÄ± jÃ­ sÃºq - I ___ you
dá»a mÃ­oÄ± mÃ­oÄ± sÃºq - ___ gives property ___ to you"
roaqrÅaq;â–¯ is a grandparent, grandmother or grandfather, of â–¯.
gaqtÄo;"â–¯ takes part in â–¯; â–¯ participates in â–¯."
iqlÄqsÅ«edÅbÄ«a;â–¯ suffers from the English sweating sickness (sudor anglicus).
bochÄ“;___ is an owner of ___
jaqjÄq;â–¯ is extremely the case.
oqhÅ«achÅ«oÄ±;â–¯ is a halter (a set of straps with a rope attached that you put an equine's head through so that you can steer it)
kuochÄÄ±;â–¯ is black tea.
muaokÅ«oq;wood
neqfÄo;fate
pÄ±okÄ«oq;pebble
lÄ±qsÄ«unÄq;â–¯ is an effeminate man.
cutÄq;"<â–¯1, â–¯2> are such that <x1, x2, x1> satisfy ternary relation â–¯/3; â–¯ does/is â–¯/3 to themselves."
pÄ±ogÅ«aq;desert
nuochÅa;â–¯ utters â–¯ in their sleep (talks or snores).
lÄ±mÄ“q;â–¯ bloats dictionary â–¯ with miscellaneous coinages â–¯.Â 
nuÄ±mÅ«ao;shrub
eu;"â–¯is a property satisfied by a predicate which is true of the argument structure âŸ¨â–¯, (â–¯, (â–¯, â€¦)))âŸ©; the first argument is the property of a predicate that is true of the argument structure made from to the remaining arguments."
fuhÄ“q;pregnant
moÄ±dÄ“oqkÅ«q;â–¯ says â–¯ to â–¯ telepathically.
faqrÅ«;â–¯ is a function defined to have value â–¯ with variable â–¯ replaced with the argument.
choacÄ«a;â–¯ is dumbfounded, unable to speak.
puqchÄ«o;"â–¯ occurs repeatedly; â–¯ takes place several times."
nÄ±tÅaq;"â–¯ is the language this utterance is in; â–¯ is Toaq."
fÄ±amÄ“;â–¯ is the sequence beginning with â–¯ (followed by â–¯ (followed by â–¯ (â€¦)))
guaqdÄ«u;â–¯ is topography.
tapÄ«rÄ;â–¯ is a member of genus Tapirus (the tapirs).
nefÅ«rÄ«;"â–¯ fluctuates as to the degree of it being the case; â–¯ fluctuates in how intensely it satisfies property â–¯."
(mÄ±) guaqkÄ«oq;Earth (planet)
dÄ±gÄ«q;â–¯ = 1/ â–¯.
nuaÄ±dÅa;fund â“¥
iqlÄqgÅ«a;â–¯ is England.
guaÄ±rÄ«eq;procrastinate
gÄ±qtÅ«a;â–¯ reverts the truth value of proposition â–¯
huaqjÄ“q;"â–¯ is equally or more the case than â–¯; â–¯ is equal to or greater than â–¯ in property â–¯."
shuebÅe;"â–¯ are tea leaves that can no longer be brewed; â–¯ is used tea leaf."
hÄ±aogÄÄ±pÅ«a;â–¯ is pleasured by seeing â–¯ suffer. [schadenfreude]
mÄ±u há»§Ä±tÅ«a;blame
hoqbÄ;â–¯ is such that â–¯ has expressed it with #ba.
kuqnÅ«;"â–¯ is said/alleged to be so; â–¯ allegedly (""so they say"") satisfies property â–¯."
tÄ±shÄgÄ«q;â–¯ departs from â–¯.
Ã»;Interjection: expression of happiness or delight in reaction to something deemed cute or adorable.
huaqcÅ«ao;even more
jeotÄ«chÄ±o;In/at â–¯, there are â–¯ (number) of â–¯/1-ers.
boshÄÄ±;"(fork of official) predicate: â€˜loseâ€™; â–¯ loses â–¯."
harÄ;scorpion
seaqrÄ«oq;"â–¯ is a gender; â–¯ is a property recognised as a gender identity."
ebÄ“;â–¯ is of or pertaining to the Ewe people or language.
jÄ±aohÅ«Ä±;"â–¯ is blasphemy; â–¯ commits blasphemy â–¯."
gÄ±'Äo;It would be good if â–¯.
gÄ±otÄ«e;â–¯ is opaque.
poaqnÅ«a;â–¯ breaks a piece off of â–¯
comÅq;â–¯ is a â€˜coâ€¦ moqâ€™ question.
kaoshÅ«aq;record (rejgau)
shebÄqsÄ«'Ä“kÅ«;â–¯ is a Przewalski's horse (Equus ferus przewalskii).
buaÄ±kÅ«a;â–¯ is a hall/hallway/corridor
sepÄ“rÄqtÅaq;â–¯ is Esperanto (the language).
cuaÄ±lÄq;â–¯ is a liquid (phonetics)
toamÅ«Ä±kÄo;dictionary (record, not necessarily a book)
tÄ±shÄÄ±;disappear
faofÄÄ±tÅaÄ±;â–¯ is a common transformative complex-forming suffix.
nÄ±uhÄ“aq;seed
guaqsÄ“oqgÄ«u;horizon
koÄ±kÅÄ±;â–¯ goes for a walk.
sÄ±sÄ«a;â–¯ is unconscious.
nÄ±aqchÄq;â–¯ is the anniversary of â–¯Â 
jokÄtÄ;___ is a four (cards)
doekÄÄ±chÄ“;â–¯ is a programmer.
mÄ± pá»hÄ lá»‰qnÄ“oq;â–¯ is the Notre Dame cathedral.
mÄ±qdÅe;#doemiq
bÄ±enÄ“;â–¯ is the temporal distance between â–¯ and â–¯, the former being in the future of the latter.
logÄ«q;"â–¯ is the exponential function; â–¯ = e^ â–¯."
duashÄ;realize that
mamÄ«eq;verify
tá»‰jÄÄ± jÃ­ sÃºq da.;Welcome!
suaÄ±gÄmÄ;dromedary
mÄ±umÄ«eq;"â–¯ polls â–¯ (people) about â–¯/1; â–¯ collects opinions of all of â–¯ about â–¯/1."
duonÄ«eq;â–¯ is clumsy.
moaqdÄ“q;â–¯ is able to retrieve memory â–¯.
fuqpÄqcÄ“a;pocket
chÄ±aÄ±cÄ;mislead
baqjÄ“o;"â–¯ is a property that typical things which satisfy property â–¯satisfy; â–¯ is a â–¯-er-y thing to do/be."
rasÄ«;â–¯ = â–¯ Ã— â–¯.
cuaq táº£o lá»§aÄ±;humor
fÄ±acÅ«;sequence (abstract)
bÄ±ekÄo;â–¯ is a will 
juoÄ±kÅ«q;â–¯ gives description â–¯ of â–¯ to addressee â–¯.
joagÅ«;â–¯ is a fortnight
chÄ±ekÅ«a;â–¯ is a classroom
lÄ±qgÄmÄ“;ovum
sÄ±esÄ«a;â–¯ is the first element in the sequence â–¯.
boetÄ“Ä±mÅ«huaqtÅ«amÅ«;â–¯ is flattered.
farÄqsÄ“gÅ«a;â–¯ is France.
saotÄ“q;â–¯ buys â–¯ in bulk from â–¯.
seaqhÅ«a;â–¯ are genitals, reproductive organs.
bufÄ«eqfÅ«aqgÅalÄÄ±;â–¯ is uncharted according to â–¯
juaocÄq; â–¯ has jurisdiction over state of affairs â–¯
naqpÅaÄ±;â–¯ is a spermatozoid.
cÄ±okÅaq;â–¯ is a young adult.
toaqchÄ;"â–¯ is the Toaq (Dzu) Way; â–¯ is how itâ€™s done in Toaq."
moegÄq;empathy
naotÄ«;â–¯ is (at least partly) in water or liquid â–¯.
luaqnÄ“;â–¯ has score â–¯ in game â–¯.
háº» zá»aÄ±cÄ«a hÃ¡ baq gáº£Ä±tÄ“ da.;The proof is in the pudding.
???;â–¯ is a spiral.
suÄ±jÄ“o;"â–¯ is the case to the smallest extent that allows its having that extent to satisfy property â–¯;
â–¯ satisfies property â–¯ to the smallest extent that allows them/it to be in relation â–¯ with the property of satisfying the former property to that extent."
heaqjÅ«q;receive
shaomÄ«a;â–¯ is eager.
rÄ±qshÅ«eq;â–¯ is ill-brewed green tea (characterised by a bitter aftertaste).
mÄ± punÅaq;Reddit
laÄ±chÄ“acÄ«a;___ is written with sparse tone marking. Omits diacritics for tones 1 and 4.
já»§oqcÄ tu tu da.;There's no such thing as a free lunch.
???;â–¯ is a membrane.
gÄ±otÄ«;â–¯ (object/space) is illuminated.
naochÄ«ohÅ«aÄ±mÅe;â–¯ feels as if they are repeatedly taking water in their hands, only to watch it consistently fall out (a specific type of frustration)Â 
luÄ±shÅ;â–¯ passes / goes by (timewise).
luhÄ“q;the proposition â–¯ entails the proposition â–¯.
chÄ±cÄ«a;"â–¯ is skeptical of â–¯; â–¯ canâ€™t believe â–¯."
maÄ±shÅ«a;â–¯ falls in love with â–¯.
huqsÄ« ka.;Oops
feochÄ«u;â–¯ are the spherical coordinates (distance, inclination and azimuth) of the direction â–¯ relatively to the spatial frame of reference â–¯.
muÄ±tÅa;â–¯ is a content word.
jaqhÄ«;"â–¯ is moderately â–¯; â–¯ is not much, but not little in property â–¯."
duorÄ«o;wind
nÄ±onÄ«u;sapling
saojÄq;"predicate: â€˜hugeâ€™; â–¯ is huge."
sheÄ±chÄq;Sunday
juoÄ±kÅ«q;â–¯ describes â–¯ with description â–¯ (quote) to addressee â–¯.
gÄ±ocÄ;"â–¯ emits light â–¯; â–¯ shines with light â–¯."
???;â–¯ is an embryo.
nÄ±tÅsÄÄ±;___ is (a quantity of) Nitrogen (element 7)
doecÄqche;administrator, maintainer, technician, supporter
loqhÄq;"â–¯ is cooked; â–¯ is food prepared by heating."
máº£ daâ€¦;â€˜Oh really?,â€™ â€˜Well I never,â€™ â€˜Huhâ€¦â€™.
peopÄq;___ is a hole through ___
moejÄ“q;â–¯ sympathises (sympathizes) with â–¯ in feeling â–¯.
mÄ±erÄ«oq;species
nÄ±tÅaqtÅ«a;"â–¯ imports â–¯ into Toaq as â–¯; â–¯ translates â–¯ into Toaq â–¯."
teasÅÄ±cÄÄ±;brave
Ä“q;hesitation, Â»holding the floorÂ«
kanÄdÄ;"predicate: 'Canadian'; â–¯ is Canadian/pertains to Canada."
faolÄÄ±;full stop, period (.)
sÄ±qshÅ«atÅ«a;shower
be'Ä«;â–¯ is a grapevine.
ramÄ“q;â–¯ is ramen (a Japanese noodle soup dish).
taogÄ«q;"â–¯ is an accident; â–¯ does â–¯ by accident"
huÄ±tÄojÄ«o;prison
teasÅÄ±cÄÄ±;courageous
jeojÄ“o;"â–¯ is for sure / certainly true; â–¯ surely / certainly satisfies property â–¯"
rÄ±ocÄ«u;burp/fart ()
suejÄ“o;â–¯ is appointed to satisfy property â–¯.
jÄ±qjÄ«aq;â–¯ is the real world.
sagÄ«q;â–¯ = - â–¯.
barÄbÄ“q;___ is a brussels sprout. (Brassica Oleracea Gemmifera)
???;â–¯ is flaccid.
seachÄqmÄ“;holidays
toasÅÄ±;tumultuous predicate: â–¯ is the first argument, â–¯ is the second argument, â–¯ is the third argument, and so on.
tuerÄ«oq;â–¯ is one mode/state of â–¯.
???;â–¯ is tide.
choadÄ“q;utterable, â–¯ is able to utter â–¯
???;â–¯ is a fertilized egg.
caÄ±jÄ«o;castle
luaqjÄqkeq;â–¯ is the game of rock-paper-sciccors.
kÄ±edÅa;reward (v)
choaqfÄ;visit
foaqfÅ«a;___ is a cushion.
duÄ±bÅkÅ«aÄ±;â–¯ is greedy (temporary emotional state just like jai and meo)
saopÅq;â–¯ is a tall person.
gÄ±otÄ«ca;â–¯ illuminates object/space â–¯.
soqjÄ“o;"â–¯ jeoâ€™s â–¯ at its limit; â–¯ satisfies property â–¯ as much as feasible."
ykÅ;â–¯ is the relation obtained by composing the relation â–¯ with itself N times, i.e. the former is the N-th iterate or N-th relational power of the latter, with N being the cardinality of anything satisfying property â–¯.
gÄ±kÅ«q;praise
tue shá» sáº»o;wedding
dÄ±ashÄÄ±;Ithkuil's Depletive Extension
luaÄ±tÅa;â–¯ is a joke word.
saqjÅ«e;â–¯ is March
lÄ±emÄ«a;experienced
luaqdÅ«ogÄ«aqmÄ“;â–¯ is a suite.
balÅ«;"â–¯ should/ought to be the case; May â–¯ be the case!"
faobÅq;save
cajÅÄ±;â–¯ happens for purpose â–¯
doÄ±chÄ“gÅ«a;â–¯ is Germany.
toakÄo;dictionary (record, not necessarily a book)
muchÅa;"â–¯ moos; â–¯ makes a moo sound."
rabÅ«;"â–¯ is the case if â–¯ is the case (logical if / material implication); either â–¯ is the case or â–¯ is not the case; â–¯ â‡ â–¯."
moekÅ«aq;â–¯ expresses emotion â–¯.
lemÅ«o;"â–¯ is sure to occur; â–¯ is bound to take place/be the case."
teoq fáº£Ä± mu ká»§q(tfmk);â–¯ is a frequently asked question(FAQ)
luaqgÅ«o;â–¯ is a game/match.
tá»§ao bá»§fÅaqcÄ;"Predicate: bother. â–¯ bothers â–¯; â–¯ is bothersome."
jeorÄ«oÄ±;"(fork of #uj3xeJG6G) â–¯ is the case instead of â–¯ being the case; â–¯ instead of â–¯ satisfies property â–¯"
táº» táº» cá»§a hÃ³q da.;â€˜It has been in the state of having been responded with to somebody by somebody.â€™
hÄ±aodÄÄ±cÄ«a;secure/safe
sheÄ±tÄomÄ«a;â–¯ is a hobby of â–¯â€™s.
hoqkÄ;â–¯ is true by virtue of â–¯ ka-saying so.
buaqfÄ“Ä±;frustrated
gÄ±aqdÅ«o;â–¯ dances to music/rhythm â–¯.
joadÄ«aÄ±;Sunday
???;â–¯ is a cake
buamÄ“;population
hapÄ«puebÄ“a;"â–¯ is beeâ€™s knees; â–¯ is among the 12 knees that bee â–¯ has."
bafÄq;"â–¯ should/ought to be the case; May â–¯ be the case!"
shuÄ±tÄ«;___ is hidden at ___.
lo;"[LU] Generates a predicate meaning ""â–¯ is an instantiation of [the contained predication]"""
???;â–¯ is porous.
soqmÄ“a;â–¯ is the majority of â–¯
haqbÅe;â–¯ is a menu 
lÄ±q'ÄÄ±;___ is feminine.
toamÅ«Ä±kÅ«e;dictionary (book)
gushÄ«;â–¯ is either â–¯ or â–¯, but not both.
tutÅ«;All conceivable combinations of things satisfy relation â–¯.
lucÄqdÄ«; â–¯ has jurisdiction over state of affairs â–¯
nuÄ±sÅaÄ±;kiwifruit
fÄ±achÄq;Tuesday
soamÅ«oq;â–¯ is an enzyme or catalyst for reaction â–¯.
shaÄ±bÅ«;â–¯ continues being the case.
nÄ±apÅ«ao;â–¯ is mist/fog.
kuaÄ±bÄ«a;â–¯ is addict to satisfying property â–¯.
keaqpÄ«o;salt
gÄ±rÅ«aq;praise
zoÄ±;"Particle: the following word renders the containing predicate false, but replace it with another word that is thought of by the user of zoi and it becomes true. May be used for sarcasm.

ex. zoÄ± gá»‰ nÃ­ da = this is ""good""(true sentence, sarcastic)
      gá»‰ nÃ­ da = this is good(false sentence)
      há»§Ä± nÃ­ da = this is bad(true if huÄ± is what the zoÄ±-er is trying to imply by zoÄ±)"
tá»§a dá»‰a láº£qcÄÄ± ba.;â€˜Turn the volume down.â€™
sÄ±qmÄ«q;"predicate: â€˜cleanâ€™; ___ is clean/impeccable/spotless and has no impurities at all."
lÄ±qgÅ«osÅ;___ is a cow (female)
osÄ“Ä±lÄ«agÅ«a;___ is the country of Australia.
poechÅ«o;fence
go'Ä«;"The last sentence holds; The most recent sentence holds with the following arguments and adverbials: â€¦."
sÄ±ekÄo;â–¯ is a will 
doÄ±dÅÄ±;___ mimics ___ for their own enjoyment, ___ mocks ___.
sÄ±asÄ«a;No conceivable combination of things satisfies relation â–¯.
soÄ±sÄ«atÅ«e;peace
roaqsÅ«;â–¯ is a grandparent, grandmother or grandfather, of â–¯.
laqkÅ;â–¯ carries the X-th tone â–¯, where X is the cardinality of any â–¯-er.Â 
hÄ±oqrÅ«o;â–¯ is audacious in their â–¯-ness.
iqlÄqpÄ«ucÄ«ubÄ«a;â–¯ suffers from the English sweating sickness (sudor anglicus).
daÄ± Ä“o;â–¯ could end up satisfying property â–¯ depending on how things go
doedÄo;"â–¯ encodes information about performing task â–¯; â–¯ is computer code for doing â–¯."
daqtÅ«ao;â–¯ occurs for a short while
faosÄ«a;endless
duqfÄq;Habitual Aspect
maÄ±pÄÄ±;â–¯ is â–¯â€™s loved one.
muÄ±chÅ«o;"predicate: 'argument'; ___ is an argument of predicate ___ filling place number ___ ."
dÄ±aÄ±jÅ«e;â–¯ is a July
mÄ± áº£Ä±sÅpÅ;â–¯ is Aesop.
iqlÄq;â–¯ pertains to the culture of England.
duojÅe;â–¯ is graceful.
reÄ±cÅe;â–¯ is wrapped around â–¯
ceochÄq;Monday
kabÅsÄÄ±;___ is (a quantity of) Carbon (element 6)
duadÄ«u;â–¯ is epistemology.
juagÄ«q;normal (not strange)
supÄq;Â â–¯ is spam
meobÄ«a;depressed
doemÄ“;â–¯ is a system.
lÄ±ajÄ“o;"â–¯ is parallel to â–¯; â–¯ and â–¯ score differently on scale (property) â–¯, but the same on all other scales in set â–¯."
gá»‰ ba.;"generic expression of good wishes for the listener (â€˜May it be goodâ€™); or generic request (â€˜Please be good.â€™)"
???;â–¯ is mucus.
lecÄ;evidence
gujÄ“o;â–¯ and â–¯ satisfy relation â–¯.
suqpÅÄ±;â–¯ is an event in which you are x1.
rÄ±aÄ±mÅ«;â–¯ hangs off of â–¯.
hÄ±mÄ«eq;â–¯Ì pa lá»§ tu dÃ³ mÄ›a hÃ³a â–¯Ì bÄ±, má»‰eq hÃ³a lÃ® ja dÃ³gÅ« mÄ›a hÃ³a â–¯Ì bÄ± jáº»o dÃ³ dÃ³gÅ«.
joasÄq;Wednesday
shuehÅ«Ä±;waste (festi)
muaonÅ«Ä±;shrub
geokÅaqnÄq;An old man.
lecÄdÅa;prove
taosÄ“u;â–¯ is the number tau Ï„ = 6.283â€¦.
jojÄ«eq;square
nÄ±ubÄ“;sapling
zeonÄrÄq;___ is the fruit of a Citrus Ã— sinensis tree.
uy;â–¯ is the same as â–¯ in the sense that the same things do â–¯ to each of them
bÄ±rÄÄ±;â–¯ is a topic/focus
gubÅ«tu;â–¯ is zero or one of â–¯ and â–¯.
raÄ±fÅa;___ is a feeling (emotional)
nÄ±okÅaq;"young adult; adolescent; teenager"
qÌ„;"filler interjection; similar to ""like"" or ""ummm"" or ""err""

pá»·Ä±ca, qÌ„, chÃ© chá»‰etÅ«a, qÌ„, jÃ­ da, qÌ„, je, qÌ„, jáº£jÄ lá»Ä± jÃ­ qÌ„, hÃ³ da.
A teacher, like, annoyed, like, me, and, like, I, like, totally hate him."
muaobÄ“;sapling
kaqgÄ“gÄÄ±;â–¯ has visual perception â–¯ (view) of â–¯ (stimulus).
jÄ±qnÅÄ±;weltschmerz
lueqjÅ«q;"â–¯ is a client; â–¯ receives â–¯â€™s service â–¯."
baqlÄ«;"property â–¯ is satisfied by the generic/archetypal/prototypical thing; property â–¯ is satisfied by the generic/archetypal/prototypical thing satisfying property â–¯."
churÄ«e;â–¯ is halfway between point â–¯ and point â–¯.
hÄ±e'Ä“kÅ«;â–¯ is a hippopotamus.
sÄ±eqgÄ«q;disappointed
jeodÅ«aÄ±dÅa;â–¯ proves that â–¯ must be the case.
ekÅ« Ä«o;â–¯ is a stable
measÄ«a;"â–¯ is the empty set; â–¯ is zero in number."
lubÅ;"proposition â–¯ semantically entails proposition â–¯; â–¯ has semantic consequence â–¯."
rÄ±qchÄÄ±;â–¯ is green tea.
shÄ±utÅa;Word â–¯ is a priori.
gÄ±usÄo;"â–¯ is wide; â–¯ is fat; â–¯ is improportionately long in a direction perpendicular to the main line along which the object is considered."
osÄ“Ä±lÄ«a;___ pertains to the culture of Australia.
joqshÄqmuqtÅq;â–¯ face-palms.
faqdÅ«q;Habitual Aspect
soaonÄo;â–¯ is sweat.
kÄ±oqchÄ«u;â–¯ are the spherical coordinates (distance, inclination and azimuth) of â–¯ relatively to the spatial frame of reference â–¯.
foqchÄ«u;â–¯ is a phone number of phone â–¯.
Ã¹e;Interjection: expression of surprise, with overtones of disagreement or protest.
bÄ±emÄ«u;foresee
jukÅ«;"â–¯ hunts; â–¯ hunts prey satisfying property â–¯."
morÄ;mora
kaosÅ«;chaos
nÄ±hÅqtÅaq;â–¯ is the Japanese language.
nedÄ“lÄqgÅ«a;â–¯ is the Netherlands.
rodÅq;rose, plant
shuÄ±gÄ«qtÅ«a;publish
jeÄ±gÄÄ±;recognize
paÄ±bÅ«q;smile
sepÄ“rÄqtÅtÅaq;â–¯ is Esperanto (the language).
pekÄ«aqshÄÄ±;"â–¯ shaves; â–¯ (person) is shaved."
dedÅa;â–¯, by giving property â–¯ to it, adorns â–¯.
nuochÄ«a;sleepy
gÄ±dÄ“q;"â–¯ can do â–¯ well; â–¯ has the ability to do â–¯."
moetÅ«aÄ±;â–¯ is a spirit, soul of â–¯.
shá»e bá»§Ä± hÄ± rÃ¡Ä± kÃºnÄ“ moq.;â€˜Who let the dogs out?â€™
lÄ±adÄo;"â–¯ is a tag; â–¯ tags â–¯; â–¯ is complementary information to object â–¯."
muÄ±lÄÄ±mÄ“;â–¯ is a logographic writing system.
luaqjÅ«ao;â–¯ is a game (playing ruleset).
moaqmÅÄ±;â–¯ is experiencing remembrance of memory â–¯.
badÄ“oq;â–¯ addresses commands at â–¯. Speaks imperatively.
mÄ± há»echÅqgÄ«;â–¯ is (the one called) Useful to the Sun.
teÄ±nÅa;"â–¯ is hard; it is hard to change the shape of â–¯."
kaqpÅ«a;"pleasant to look at; handsome; (another sense of) beautiful"
guÄ±tÅa;serial (e.g., dá»§q gá»§ai)
mefÄq;The aggregate event made of sub-events X (plural) [together with Y (plural)] happens.
deoqcÄÄ±;eloquent
ruqtÄ«e;â–¯ is an umbrella, an overhang, or any other kind of physical blocker of rain.
huÄ±cÄqruaq;â–¯ blames â–¯ (for satisfying property â–¯)
gÄ±aqkÄÄ±;"â–¯ composes music â–¯; â–¯ writes notes â–¯."
kÄ±lÅ;â–¯ is the weight of â–¯, in GBP.
mÄ± áº»utÅaq;â–¯ is Esperanto.
nuofÄ;"â–¯ goes to bed; â–¯ goes to sleep."
joacÄ«;Saturday
Ä±amÄ«q;â–¯ will always be the case
baobÄo;"onomatopoeia: â–¯ is woof; â–¯ is a dog's bark."
mÄ±orÅ«Ä±;___ is a member of the family Glaucus (blue dragon sea slugs)
juacÄ«a;normal (not strange)
gusÄ«oqfÄ;â–¯ goes [FA] by bike.
cÄ±hÄ“a;â–¯ is a die, a dice, dice.
foqchÄ«u;â–¯ is a phone number.
hÄ±abÅ«qko;apple
juesÄ“Ä±gÅ«a;â–¯ is the country United States â€“ United States of America.
porÄq;â–¯ is Polish.
sheaqshÅ«a;â–¯ collapses.
suqrÄ“;â–¯ is in relation â–¯/2 with you.
tÄ±udÄ«utÅaq;___ is a logical language.
tahÅ;"â–¯ is a tangent; â–¯ is tangential to â–¯."
chuomÅ«;purpose (indended function)
mÄ± gá»§aqgÅ«aÄ±;â–¯ is George.
sÄ±eshÄ«;â–¯ is the head of sequence â–¯.
shaohÄ«aq;â–¯ is lazy.
cÄ±atÅaq;___ is Toaq but without marking tone 1 or 4.
tÄ±jÄ“q;â–¯ and â–¯ occupy exactly the same location in space.
soÄ±lÅ«aq;compete
gushÄ“;"â–¯ allows â–¯ to happen given â–¯; â–¯ is what is needed to infer â–¯ from â–¯."
sarÄÄ±mÄ«u;"â–¯ is a quantifier; â–¯ asserts that the possible values of free variable â–¯ in expression â–¯ are exactly the set â–¯."
sofÅ«;software, proga
shuhÅÄ±;last word quoted with #shu
koelÄo;Â â–¯ hesitates between â–¯ for satisfying property â–¯.
???;â–¯ is a layer
tuaobÅ«pÄ“;"the degree to which â–¯ is the case is greater than the average among â–¯;
the degree to which â–¯ satisfies property â–¯ is greater than the average among â–¯."
jeocÅ«;predicate modifier: move x3 first
???;â–¯ is an ethny.
faÄ±dÅ«;â–¯ (number or representation thereof) is the least n such that the n-th element of â–¯ satisfies the property â–¯.
mÄ±mÄ«;â–¯ is a mime.
fenÅq;"â–¯ is a fellow â–¯-er to â–¯; â–¯ is someone who satisfies p-ty â–¯ who isnâ€™t â–¯."
detÄ«ao;harmonious
chÄ«egÅ«aÄ±;â–¯ Ä±s a scholar/intellectual studying â–¯.
fakÄ«u;___ pees into the toilet
soÄ±dÄ“oq;â–¯ (coll.) discuss matter â–¯.
moÄ±tÄ“oq;problem
cheotÄ“q;â–¯ barters â–¯ with person â–¯ for â–¯.
gÄ±qmÄ«aÄ±;â–¯ alliterates with â–¯.
heomÄ“;â–¯ is heterogenous.
meoshÄ“;â–¯ would be saddened to know that â–¯ is the case.
zaÄ±chÄ“;â–¯ is an Esperantist.
muqshÅaÄ±;â–¯ is a member of the order Chiroptera (the bats).
heÄ±jÅ«e;â–¯ is an October
chÄ±cÄÄ±;â–¯ is confident that â–¯ is the case
nejÄ“q;"â–¯ and â–¯ are the case to the same degree/extent; â–¯ and â–¯ have the property â–¯ to the same degree/extent."
muagÄ«qtao;"â–¯ does â–¯ as an exception; â–¯ shows mercy in doing â–¯; â–¯ goes out of their way to do â–¯."
laqlÄq;â–¯ is a famous male pianist.
doÄ±jÄq;â–¯ admires, holds â–¯ in high esteem.
dumÄÄ±;â–¯ shows affection towards not â–¯ themselves, but their image â–¯ (set of p-ties).
beÄ±jÄq;"â–¯ is so much the case; â–¯ satisfies property â–¯ so much; â–¯ is such an instance of property â–¯."
taqtÅaq;â–¯ is an idiolectÂ 
daqjÄonÄ“;â–¯ is the interval, temporal distance between â–¯ and â–¯.
nÄ±hÅq;â–¯ is Japanese / is of Japan, its languages or people.
reqdÄ“;___ is a cute person. (This word is up to 20% sexual in connotation, do not use to describe small children)
muoqrÄ«eqsÅa;rescue
sÄ±echÄq;Thursday
kÄ±oqchÄ«u;â–¯ are the spherical coordinates (distance, azimuthal angle and polar angle) of â–¯ relatively to the spatial frame of reference â–¯.
huÄ±dÄÄ± Ä“o;â–¯ is in danger of satisfying property â–¯
lÄ±jÄ«e;Ithkuil's Interpretative Case: X (abstract) is the interpretation of Y as seen by Z
nÄ±omÅ«ao;sapling
taohÄ«ao;â–¯ attacks â–¯ by doing â–¯.
chuqgÄ«q;vomit
fÄ±chÅa;whistle
ebÄ“tÅaq;â–¯ is the Ewe language (the Niger-Congo language, belonging to the Gbe family, spoken by the Ewe people).
raqfÄ«;broda
shÄ±ubÅ«aq;â–¯ fails to satisfy property â–¯, which was intended in furtherance of the goal of satisfying property â–¯.
shÄ±unÄ“;â–¯ is the temporal distance between â–¯ and â–¯, the former being in the past of the latter.
loaÄ±rÄ«o(sÄÄ±);___ is (a quantity of) Fluorine (element 9)
jáº»o há»e mÃ­ há»emÄÄ± da;â€˜Indeed, solpahi is a star.â€™
goaÄ±nÅ«a;â–¯ wears/erodes/abrades matter â–¯ off â–¯.
lÄ±qlÄ«q;â–¯ is a famous male pianist.
lÄ±cÅ;â–¯ is the number of things satisfying the property â–¯ (among â–¯).
tue já»emÄ«eq;examination (knowledge test)
má»‰ukÅ«aq ba.;"a phrase asking the listener to share his thoughts; â€˜What are your thoughts?â€™; â€˜What do you think?â€™; â€˜Share your opinion!â€™."
chuqmÅ«aq(sho);â–¯ dies from starvation â–¯
hÄ±mÅq;â–¯ is a â€˜hiâ€¦ moqâ€™ question.
toedÄ“a;â–¯ chops â–¯.
sheaqsÄ«u;vertical, upright
bÄ±utÅaÄ±hÄq;â–¯ is a bagel/donut
haqjÅ«q;"â–¯ obtains food â–¯; â–¯ is served/fed â–¯."
???;"â–¯ is transcendent; â–¯ transcends â–¯; â–¯ outruns â–¯ in many or all aspects of property â–¯ (default: lÃ® já»‰q hÃ³a)."
hoetÅaq;â–¯ is Toaq.
seaqchÄ“o;â–¯ have an orgy.
luaofÅ«o;kiss
detÅa;â–¯ is poetry.
ku'ÄÄ±; â–¯ is â–¯'s orientation in regard to property â–¯
luaqgÅ;the game of Go
kÄ±oq'ÄÄ±;â–¯ is rounded.
garÄpÅ«ekÄtÅ;___ is a slug-cat.
zu;"â–¯ is you(informal). ""ya"". informal suq"
mÄ± shÄ±pÄ«o;Einstein
shetÅ«q;"â–¯ iff â–¯; â–¯ is the case if and only if â–¯ is the case."
hoaqhÄ«ao;â–¯ burns (injury) â–¯Â 
nuÄ±nÅ«Ä±;colloq. ___ is tiny, ___ is minuscule
tÄ±mÄ«a;"â–¯ holds many â–¯; â–¯ is full of â–¯; â–¯ is where it many â–¯ gives."
buqjÄ«aÄ±;"â–¯ kisses â–¯; â–¯ with their mouth holds â–¯ [person or locus]."
toagÅ«Ä±;serial (e.g., dá»§q gá»§ai)
foaqfÅ«anÅ«o;___ is a pillow.
chuqchÅ«o;cutlery
chÄ±etÄo;study â“¥
seaqkÄ“a;â–¯ is a sex toyÂ 
shÄ±aqmÄ«a;myriapod
shÄ±qhÅ«alÄq;â–¯ is a sound produced at least partly with the nose.
pumÄ“;history
koesÅ«aÄ±dÅ«Ä±;hasty
haÄ±gÄ«q;only then (later than expected)
ruedÅ«a;â–¯ guesses/supposes/conjectures that â–¯ is the case.
faqshÅ«;"â–¯ is the result of applying function â–¯ to â–¯; â–¯ = â–¯â€˜â–¯."
honÅ;honor, honour
háº» ráº£qmÅÄ± hÃ¡ baq bá»§ gáº£Ä±kÄ«u da.;Absence makes the heart grow fonder.
cajÅq;â–¯ directly causes â–¯.
gutÅ«a;split in half (vt)
ruaq há»§Ä±tÅ«a;blame
basÅ«e;I ask you to make it so that â–¯/0 happens.
bÄ±aobÄ«a;â–¯ is drunk.
daqtÅ«aodÅa;lend
tuÄ±mÄrÄ;___ is a couch.
mu bá»qbÅ«;â–¯ is the case despite / in spite of â–¯ being the case.
pojÄ“o;"â–¯'s something satisfies property â–¯; Something of â–¯'s satisfies â–¯; Jeo pÃ³ â–¯ â–¯."
nÄ±aqjÅ«emÄ«ao;___ is a lunar calendar (a calendar that tracks the movement of the Moon around the Earth)
jÄ±qkÄq;"â–¯ is real; â–¯ is out there."
uq;"Connective: ""or rather"", erases the left-hand side connectand and replaces it with the right-hand side one."
nÄ±aqjÅ«e;___ is calendar ___ (Mayan calendar, Gregorian, Muslim calendar, etc.)
gaÄ±kÄ«ubÅ«tÅ«a;hide
adÄ«;â–¯ is fat(the substance).
lueqkÄ“a;â–¯ is a server.
kenÄ«q;"â–¯ is a kenning; â–¯ is to â–¯ as â–¯ is to â–¯ as â–¯ is to â–¯ etc.; â–¯ : â–¯ :: â–¯ : â–¯.Â "
háº£o ba.;elliptical request/command/suggestion
lo;"convert predicate into noun phrase; veridical."
???;â–¯ is an emergency.
cashÄ“;â–¯ causes â–¯ whenever it happens.
fuqtÄ«o;predicate â–¯ is a mathematical function.
joecÄq;â–¯ is a master, mentor, teacher, guru.
ceolÅ«Ä±;"â–¯ has begun to be the case and still is the case; â–¯ has been and is the case. [JEO]"
nÄ±qpÄq;â–¯ is an addition to â–¯.
???;â–¯ applies (material) â–¯ to â–¯
tÄ±oqtÄ«ao;key
bubÅ«;"â–¯ is not not the case; It's not the case that â–¯ isn't the case; â–¯ indeed is the case."
kuÄ±mÅ«tÄ«ao;â–¯ is an acceptable reason or explanation, a justification or an excuse for â–¯ being the case.
moaqhÅ«a;â–¯ is a memory (organ for storing data records).
guqtÄ«eq;tunnel
mu choqdÄÄ±;available
pojÄ“o;"â–¯ (person) is right; â–¯ a raison."
daobÄq;â–¯ is a file.
ruaÄ±rÅ«Ä±;â–¯ is Earl Grey (Earl Gray) tea.
lubÅ;The proposition â–¯ entails the proposition â–¯.
koesÄ“;â–¯ was chosen from â–¯ to satisfy â–¯.
lÄ±ulÅhÄ;â–¯ is aluminium.
kaÄ±fÄ«eq;â–¯ writes/composes/authors text â–¯.
suaÄ±dÅ«okÄ“a;gun, thing-that-shoots
suaqgÄ«aq;"â–¯ is a song; â–¯ is an example of oral/vocal/â€˜a cappellaâ€™ music."
nÄ±qtÅ«a;update
sudÅ;"â–¯ takes place with superuser privileges; â–¯ does â–¯ as superuser."
kaqhÅ«akÄ«aq;eyelash
roaÄ±kÄtÄ;___ is an eight (cards)
janÄ“;â–¯ is an arity of predicate â–¯.
muqtÅq;â–¯ is the palm of a hand.
deaqnÄ«etÅ«a;bury
mÄ± gáº£Ä±;'The Visionaries': names the group that will usher in a new age of Toaqic utopia
koamÅe;â–¯ is cool/calm.
juesÄ“Ä±;â–¯ pertains to the culture of United States â€“ United States of America.
bufÅaqcÄ;"predicate: annoy; â–¯ annoys â–¯; â–¯ is annoying."
tÄ±qbÅ;reptile
mohÅÄ±;last #mo-quote
muoqtÅaÄ±;â–¯ is an atom.
huadÅ«o;body movement
hoaqbÄ“aq;candle
tÄ±aofÅatÅ«a;â–¯ appeases â–¯.
hÃµejÄ«e;"adverb: ""according to HoemÄÄ±;"" ""HoemÄÄ± says..."""
taomÅe;feel like doing
naq'ÄÄ±;___ is masculine
huelÄ'ÄÄ±;â–¯ is yonic
soÄ±bÅ«aq;lose (in a competition)
choÄ±dÄ“a;â–¯ (agentive) stabs â–¯.
???;â–¯ kneads â–¯.
chÄ±aÄ±tÅ«a;mislead
shÄ±qrÄq;â–¯ is nosy.
foaqcÄ;comfortable (e.g. chairâ€¦)
hÄ±oqkÅ«q;â–¯ brags about â–¯.
hÄ±u'Ä“kÅ«;â–¯ is a member of genus Hippopotamus.
zuymÅ«o;"predicate: â€˜wreckedâ€™; ___ is completely wrecked/broken/inoperable, without hope of being repaired."
fuepÄq;percent (hundred part)
korÄ«;scorpion
fufÅ«;"â–¯ is a grandchild of â–¯; â–¯ is an offspring of an offspring of â–¯."
lymÄo;â–¯ laughs their ass off / laughs their arse off.
á»·o;interjection: oof, ouch, ow
toashÅ«aq;â–¯ coins lexical item â–¯Â 
sÄ±ebÄq;"â–¯ is a list; â–¯ is a sequential collection of things that satisfy the property â–¯."
puÄ±pÅqdÅ«q;â–¯ is popular among â–¯
tÄ±gÄq;â–¯ stays with â–¯ at â–¯.
naqgÅ«osÅ;___ is a bull.
rÄ±odÅ«o;blow (vi)
tÄ±aqdÅ«ao;sugar
jeqmÅe;â–¯ is zen.
mÃ­eqchÅ«o pa lá»§Ä± gáº»Ä±bÄ“o da.;PrzebraÅ‚a siÄ™ miarka.
gaqmÄ“;â–¯ is a group/band/gang/pack/herd/swarm/flock of the animals/people satisfying property â–¯.
suaqsÄ“;song
sheamÅ«oq;"â–¯ is ether; â–¯ is the supposed element that constitutes the emptiness of outer space."
mumÅ«;onomatopoeia: 'moo'
gusÄ«a;â–¯ is neither of â–¯ or â–¯.
tÄ±kÄ“;ticket
maÄ±lÄ«;mile (unit)
seaqcÄ«afÄ“Ä±;"â–¯ acts angrily because of not having sex; â–¯ is sexually unappeased."
chuÄ±sÄ«aq;south (direction)
zeolÅq; ___ is a chilli/chili.
meÄ±rÄ«e;â–¯ is a valley
gupÄqjÄ“o;half-true
háº» ráº£qmÅÄ± hÃ¡ baq gáº£Ä±kÄ«u da.;Out of sight, out of mind.
nukÅ«Ä±;"â–¯ is therefore; Therefore, â–¯."
roenÄ“;health (amount)
haqrÄ;â–¯, but not â–¯, satisfies property â–¯.
mÄ± máº£qtÅmÅ«oÄ±(tÄ«aÄ±);"â€˜mastermorphixâ€™; ___ is a mastermorphix twisty puzzle."
doecÄq;â–¯ is an administers, maintains, supports â–¯.
pÄ±qfÄ“a;â–¯ is rigid.
keqsÄ«a;[Metapredicate to be used as a head of a serial:] the following word/s is/are to be interpreted as a native compound rather than a sequence of foreign sounds.
muÄ±fÅ«aq;graph, diagram
huohÅ«alÄqkÄ“a;earphones
daqkÅ;â–¯ is the â–¯th among those satisfying property â–¯, sorted by time
doqbÄ«dÄ“o(dbd);â–¯ is a GIF
cuatÄqteoqkÅ«q;â–¯ asks question â–¯ to â–¯, despite the fact that they already know the answer.
raqtÄq;â–¯ is meta.
kaÄ±tÅaÄ±;letter, character, lerfu
meamÄ«a;â–¯ is varied.
feÄ±lÅ«aq;"â–¯ teases, nags, pranks, picks on, bullies â–¯; â–¯ harasses â–¯ for their own enjoyment."
jÄ±aodÄ«u;â–¯ is theology.
horÄchÄ«u;â–¯ is the 24-hour clock time address of â–¯.
gutÅ«;â–¯ is both of â–¯ and â–¯.
semÄ“;___ is a collection of results of ___, ___ is the butterfly effect of performing action ___
nuogÄq;â–¯ sleeps with â–¯, literally.
hoesÄÄ±;â–¯ is helium (element 2)
taqtÅ«a;___ make themselves satisfy property ___.
???;â–¯ is a pastry
ma'Ä«;â–¯ is romantic.
jÄ±qjÄ«aq;reality
moegÄq;â–¯ sympathizes with â–¯in feeling â–¯
caÄ±dÅ«adÅa;â–¯ assures that â–¯ for listener â–¯.
neÄ±kÄtÄ;___ is a nine (cards)
sÄ±mÅ;monkey
lÄ±qbÄkÄ;___ is a cow.
luhÅÄ±;"â–¯ is the referent of the most recently mentioned lÃ»-clause; â–¯ is the referent of the most recently mentioned lÃ»-clause entailing that â–¯ is the case."
fÄ±eqjÅe;â–¯ is creativeÂ 
laochÅa;â–¯ stutters/hesitates.
muÄ±dÅa;â–¯ explains fact â–¯ to â–¯.
feomÄ«eq;â–¯ navigates/determines one's direction/location through/in â–¯ 
paqcÄ“o;â–¯ resumes doing â–¯ for a moment (â–¯ resumes) [Lojban Â«diâ€™aÂ»].
shuÄ±gÄ«q;public, information
nadÄ“q;"â–¯ is an adder; â–¯ is a nadder."
mÄ± láº£Ä±lÄÄ±;â–¯ is sitelen sitelen.
mÄ±qdÅe;"â–¯ executes â–¯ perpetually; â–¯ is stuck in infinite loop â–¯; â–¯ doesnâ€™t halt."
chaÄ±lÅq;"â–¯ is water so hot that tea can brew; â–¯ is boiling hot."
maomÄo;"onomatopoeia: â–¯ is a meow/purr; â–¯ is a cat sound."
ma'Ä«pÄÄ±;â–¯ and â–¯ have a romance.
naqbÄkÄ;___ is a bull.
choafÅ«a;â–¯ is a piece of furniture that can utter sounds
duokÄ“a;â–¯ is a motor.
???;â–¯ is an unfertilized egg.
shÄ±ukÄ«e;â–¯ thanks â–¯ in advance for satisfying property â–¯Â 
chÄ±aÄ±tÄq;___ is a paradox.
cukÄ;throw
bÄ±adÄ«u;medicine (science)
guaqbÄ“otÅ«a;â–¯ terraforms â–¯Â 
hajÄtÄq;â–¯ is Armenia.
tueq;celebrate
ruaÄ±kÄtÄ;___ is a jack (cards)
dÄ±gÄ«q;â–¯ is disallowed.
haqbÄÄ±kÅ«a;kitchen (cook KUA)
mamÅq;â–¯ is a â€˜maâ€¦ moqâ€™ (yesâ€“no) question.
gaojÄ«aÄ±;â–¯ reaches up to grab â–¯
doÄ±chÄ“tÅaq;â–¯ is the German language.
sasÄ;Some combination of things satisfies relation â–¯.
huq;self-vocative: analogous to Â«huÂ», but describes the speaker and not the intended listener.
jÄ±urÄ«aq;"â–¯ is where â–¯ was born; â–¯ is â–¯'s birthplace."
kaoshÅ«aq;create record 
muaogÄ«e;tree branch
sheaqshÄÄ±;â–¯ slips.
peqjÅ«o;â–¯ is a paper letter.
hoejÄ“aq;"Nullary predicate: The sun rises; there is a sunrise "
hÄ±bÄ;I didn't understand what you just said, and I would like you to repeat it.
lueqtÅ«e;service
muÄ±mÄ«u;â–¯ thinks that â–¯ is what â–¯ means.
goaÄ±nÅ«a;â–¯ scrapes/wipes â–¯ off â–¯.
toaÄ±dÄq;â–¯ is a second.
besÄ«oq;version
meÄ±gÄ«q;valley
guabÅ«a;"â–¯ inhabits country â–¯; â–¯ is from country â–¯; â–¯ is a â–¯-er; â€˜â–¯ comes from â–¯.â€™"
ekÅ«adÅrÅ;â–¯ pertains to the culture of Ecuador â€“ Republic of Ecuador.
sÄ±apÅ«Ä±;â–¯ is zero in number [by @solpahi].
paqtÅaÄ±;element (selci)
soÄ±rÅ«o;"â–¯ is an act of violence; â–¯ commits act of violence â–¯."
roaÄ±jÅ«e;â–¯ is an August
naqrÅ«o;___ is masculine
???;â–¯ disturbs â–¯.
haosÄ«a;â–¯ sits around and does nothing 
pá»§Ä±dÄ“q baq pá»§Ä± da.;There's strength in numbers.
máº£ moq?;elliptical question
puÄ±sÄ“u;â–¯ is an integer (positive or negative).
hÄ±dÄ“rÅ«dÅ;â–¯ is a red raspberry (Rubus ideaus).
sÄ±asÄ«e;â–¯ is an empty sequence.
muaqtÅ«e;___ is death
pÄ±odÄ«u;â–¯ is petrology.
mÄ± há»emÄÄ±;â–¯ is @solpahi.
geajÄ«o;â–¯ is a tower, skyscraper or other tall building.
koqtÅ;â–¯ is an internet accountÂ 
kanÄdÄgÅ«a;"predicate: 'Canada'; â–¯ is Canada."
poaqkÅ«aÄ±;â–¯ is brittleÂ 
chÄ±sÄ«a;â–¯ is skeptical (in general).
kurÄÄ±sÅ«;Christ
nÄ±aÄ±pÅaÄ±;â–¯ is an egg (possibly unfertilized).
guojÅ«aq;â–¯ happens *again*.
ruoshÄÄ±;â–¯ falls from grace.
hoqnÄ«;â–¯ is the matter at hand.
nÄ±ehÅ«a;inner organs
kunÄ“cÄ«e;shark
feokÅ«aq;point to (e.g. with a finger)
nÄ±'ÄÄ±;â–¯ is a thing satisfying property â–¯ such/resembling that thing satisfying the same property.
luaqdÅ«o;___ plays physical sport ___
takÅ«;plan â“¥
tua káº£o;record (rejgau)
daorÄq;"â–¯ links to â–¯ by means of â–¯; â–¯ references/points to â–¯ with â–¯."
feqbÄ«haq;â–¯ talks about others using excessive verbiage while using the phrase â€˜excessive verbiageâ€™ themselves, which is excessive and verbiage.
nefÅ«aq;chart
pekÄ«aqnÅ«a;"â–¯ shaves; â–¯ shaves facial hair â–¯ off (person) â–¯."
porÅÄ±;"â–¯ is what satisfies the property â–¯, together with the other things/persons related to it; â–¯ is â–¯ and co."
pÄ±olÅhÄ;â–¯ is lithium.
fuqcÄ«a;naked
kÄ±eqgÅ«e;"â–¯ has recoiled in disgust; â–¯ cringes."
deqchÄ«e;"â–¯ learns to be able to satisfy property â–¯; â–¯ learns how to satisfy property â–¯."
hÄ±qdÄ«agÅ«a;â–¯ is India.
shuetÅ«a;maintain
majÄ“o;"â–¯ is the indirect question of: whether â–¯ is true [dyadic]; â–¯ is the indirect question of: whether â–¯ has pâ€™ty â–¯ [triadic]."
laÄ±cÄ«a;___ is written with sparse tone marking. Omits diacritics for tones 1 and 4.
boqlÄ“o;resist
chaÄ±kÄ«oÄ±;â–¯ brews (prepares) tea â–¯ in water â–¯.
rÄ±olÄÄ±;comma (,)
hahÄ;â–¯ overthrows the capitalist system.
juaosÅachÄ“;lawyer
moÄ±gÄ“;â–¯ evokes, in the mind of â–¯, thought or mental manifestation â–¯.
sÄ±qfÅ«qle;â–¯ asks courteously for â–¯.
nenÄ“;â–¯ is true in amount â–¯
gusÄ;â–¯ is at least one of â–¯ and â–¯.
hoÄ±tÅa;â–¯ is an anaphora
duodÄ“aq;â–¯ is a vehicle.
hÄ±aosÄ«;careful
sÄ±eshÅ«e;â–¯ is the tail of sequence â–¯.
gutÄq;___ is Gothic / pertains to Gothic people, languages, and cultures.
malÄhÄ«;___ is an angel.
mÄ± luÄ±nÅaq;Reddit
choasÄ«a;"predicate: â€˜say.nothing.â€™; â–¯ says nothing / is silent."
já»§oq bá»§ há»§Ä±mÄ«u baq bá»§ má»‰q gá»‰ hÃ¡ da.;People who live in glass houses should not throw stones.
faorÄ“oq;finally
luaqchÅ«o;â–¯ is a toy, plaything or other thing designed for playing.
saonÄ“;â–¯ is the physical size of â–¯
lÄ±aÄ±shÅaÄ±;â–¯ is a fine (body part).
shÄ±tÅaq;â–¯ is an idiolect / language use idiosyncracy / lisp / personal quirk of â–¯.
???;â–¯ is economy.
gaqsÄ«amÅe;lonely ()
nuochÄq;Saturday
???;â–¯ punishes â–¯ for having done â–¯.
suaqkÅ«qse;â–¯ are the lyrics to song â–¯.
meq;pre-prepositional nominaliser: transform the following prepositional phrase into a side statement of the inside nounâ€™s satisfying of property of the containing clause, where the lambda variable is to be placed in the expected position, as if the meq-clause were itself one noun (which still participated in the containing clause).
mÄ±ehÄqtu;â–¯ is a ghost that is alive.
shoaÄ±'Ä“kÅ«;"â–¯ is a winged horse; â–¯ is a pegasus."
laqlÄ“oq;â–¯ are earplugs/earmuffs/anything used to protect he ears from excessive and or unwanted noise 
chuqjÄ“arÄ«aq;restaurant
sÄ±sÄ;â–¯ is conscious.
tÄ±lÄ«a;â–¯ is a member of genus Tilia (including the lindens, the basswoods and the lime tree).
jeogÅ;predicate modifier: move x2 first
fekÄtÄ;___ is a five (cards)
deoqdÅ«oÄ±;â–¯ just canâ€™t stahp talking.
dedÅa;â–¯ beautifies/adorns/decorates/polishes/dandifies/ornates â–¯ by making it a â–¯-er.
nÄ±cÄ“;â–¯ is the local node of â–¯.
chÄ±chÅ«aq;â–¯ is a religion â€“ a system of dogmas (beliefs) â–¯.
jÄ±aojÄ«e;"â–¯ has â–¯ as their god; â–¯ believes in god â–¯."
colÄ«jeo;â–¯ is a piecewise predicate which, depending on the arity, expands to one of the following predicates with the matching arity.
aÄ±cÈ³;â–¯ is an integer (positive or negative)
pÄ±qdÅ«o;â–¯ rubs (intransitive), is rubbed against â–¯.
hakÄ“petÄ“cuaq;"â–¯ is the result of applying the Ackermannâ€“PÃ©ter function to arguments â–¯ and â–¯; â–¯ = ack(â–¯, â–¯)."
gÄ±aqchÅq;play (musical instrument)
buaÄ±jÄ«ojÄ«eq;___ is a rectangle.
shaÄ±chÄq;Friday
aoshÈ³;You would allow â–¯ to happen (if it were to be to happen).
huaqjÅ«aq;even more
muqjÅe;dexterous
huÄ±dÄÄ±;risk
mÃ­ jáº»o;True [boolean value]
huÄ±nÅ«a;â–¯ steals â–¯ from â–¯.
padÄ;leopard
juaomÄ“a;"â–¯ conforms to rule â–¯; â–¯ is right under rule â–¯; â–¯ is mandated by rule â–¯."
sushÄ«;â–¯ is the previous predicate considered individually.
heosÄ«;compare
buaqmÄ“o;frustrated
chÄ±aqshÄ;realize that
laolÄÄ±;ellipsis (â€¦)
nÄ±oqbÅ;dragonfly
gÄ±aqshÅ«aq;___ plays music ___ using instrument(s) ___
???;â–¯ is ironic.
muqjÄ«aÄ±;â–¯holds hands withâ–¯
raqtÄqraqtÄqshocÄ“o;â–¯(event) starts to become meta meta
rÄ±aÄ±rÄ«ochÄo;â–¯ is a hovercraft.
suaopÄÄ±;â–¯ is a close/dear friend of â–¯.
peolÄÄ±;hyphen, dash (â€“)
seaqmÅÄ±;"â–¯ has sexual fantasies (phantasies) â–¯; â–¯ fantasises (phantasises, fantasizes, phantasizes) that â–¯."
laÄ±mÄ“;â–¯ is a codeÂ 
juÄ±shÄ«u;â–¯ is in the recent past of â–¯
???;â–¯ is direct.
???;â–¯ suffers stress (emotional pressure).
daqnÄ“;â–¯ is the duration of â–¯.
pakÅ«rÄ«;"predicate: â–¯ does parkour/freerunning; â–¯ is a traceur/traceuse."
sá»§Ä±lÄ«nÄ“;(fork of #oIje3bN2v) â–¯ is minimum amount of things that satisfy property â–¯
osÄ“Ä±lÄ«atÅaq;___ is (one of) the language(s) spoken in Australia,
bumÄ«u;doubt
nahÄ«;"â–¯ is neither the case nor not the case; â–¯ neither satisfies nor not satisfies property â–¯."
sasÄ;There exists a pair of things in relation â–¯.
caÄ±rÄ“o; â–¯ is brightly colored.
rÄ±omÄ«q;â–¯ is an atmosphere.
fuaqgÅ«olÄÄ±;â–¯ is a map of 3D space â–¯
keqsÄ;[Metapredicate to be used as a head of a serial:] the following word/s is/are to be interpreted as a sequence of foreign sounds rather than a native compound.
hoaqlÅ«Ä±;â–¯ is burned/burnt/overburned/overburnt/overdone/singed/charred/seared/scorched.
fuqcÄ“a;pocket
(mÄ±) gaÄ±hÄ;Earth (planet)
???;â–¯ is a chain.
shá»§aÄ±nÅ« jáº½o;It really do be like thatÂ 
teÄ±dÄ«u;â–¯ is geometry.
zaÄ±tÅaq;â–¯ is Esperanto.
kÄ±oÄ±shÄ«;â–¯ is the first brew of tea (leaves) â–¯.
saorÅ;reptile
moqsÅ«ta;â–¯ is a monster
kÄ±aqnÅ«a;â–¯ cuts/trims/shaves hair â–¯ off body â–¯.
boshÅ;â–¯ gets/acquires â–¯.
cutÄ«e;"â–¯ stands on, blocks, obtrudes the path between â–¯ and â–¯;"
muÄ±gÄ«;"â–¯ is positive in meaning; â–¯ has positive connotations â–¯."
shÄ±pÄ«e;â–¯ has a drink.
shenÄÄ±gÄ«;"It would be good for â–¯ to happen now; Itâ€™s about time â–¯ happened."
rÄ±u rá»e;"predicate: â€˜recoverâ€™; â–¯ recovers "
foacÄ«a;"â–¯ doesnâ€™t feel good or bad; â–¯ doesnâ€™t feel in any way in particular."
feodÅ«o;â–¯ moves towards direction â–¯ from direction â–¯.
choakÅ«qtÅaÄ±;phoneme
deoqsÅÄ±;"â–¯ argues with â–¯; â–¯ argues with â–¯ about the answer to question â–¯"
Ä±qzÄ«;Property â–¯ is intrinsic to â–¯
meaqchÄ“;sailor
seaqrÄ«oqdÅ«omÅ«oq;â–¯ is gender-fluid.
chaocÄq;drive (operate vehicle)
soqjÄ“o;"â–¯ is the case to the highest extent that allows its having that extent to satisfy property â–¯;
â–¯ satisfies property â–¯ to the highest extent that allows them/it to be in relation â–¯ with the property of satisfying the former property to that extent."
tuaopÄ“;"the degree to which â–¯ is the case is lesser than the average among â–¯;
the degree to which â–¯ satisfies property â–¯ is lesser than the average among â–¯."
chaÄ±bÄ«o;â–¯ is a teapot.
noqpÅ«a;"â–¯ is tasty; â–¯ is pleasant to the palate."
hÄ±aoshÄo;â–¯ is cruel towards â–¯.
chÄ±sÄ«a;â–¯ is skeptic (general philosophical stance).
gegÄÄ±;â–¯ has perception â–¯ of â–¯ (stimulus).
guaqkÄ«oq;planet
huÄ±shÅ«e;waste (bad deplete)
ryaqzÄ“o;___ is the fruit of a Citrus Ã— sinensis tree.
hÄ±bÅ«;"â–¯ is whatever; â–¯ is something and I donâ€™t care what it is exactly; â–¯ satisfies property â–¯, whatever be it in the end."
goÄ±sÄÄ±;â–¯ is a medicine (substance).
jeÄ±chÄ«aq;â–¯ recognises (recognizes) â–¯.
neagÄ«q;narrow
seaqrÄ«oqbÅ«Ä±;â–¯ is non-binary.
muoqshÄ«;â–¯ is homogenous.
morÄÄ±;â–¯ is a text. MÃ³rÄÄ± refers back to a mÃ³...teo as if the mÃ³...teo were an ordinary noun, and mÃ³rÄÄ± were the same word.
sÄ±arÄÄ±;"Nothing satisfies property â–¯; âˆ„x.â–¯â€˜xÂ "
tÄ±oqtÄ«aÄ±;â–¯ is a vault/safeÂ 
nÄ±gÅ«aq;â–¯ is the planet Earthâ€¦
sá»‰ ba.;Hey!
nukÅ«q;"â–¯ says like this: â–¯ to â–¯; â–¯ says â–¯ non-verbatim to â–¯."
mÄ±aqmÄ«a;â–¯ is valuable.
heaqdÅa;â–¯ hands, passes, transfers holding of â–¯ to â–¯.
seaqbÄ“aq;â–¯ is a phallus.
geaqpÅ«o;dust
budÅ«e;Sentence prefix: this sentence is not an answer to the preceding question.
laqbÄ«o;___ is a bell.
nuÄ±pÅq;â–¯ is a short person.
raqkÅ«qsue;"â–¯ asks â–¯ to comment on â–¯; â–¯ makes a Request For Comments; abbrev. rks."
???;â–¯ is efficient.
nuÄ±jÄq;"predicate: â€˜tinyâ€™; â–¯ is tiny."
heochÄ“o;"â–¯ are varied, dissimilar from each other; â–¯ are varied in what they are in relation â–¯ with."
muaqdÄ“;â–¯ is beautiful in its deathly transience or reminder thereof.
???;â–¯ is a needle
tÄ±qtÄ«;â–¯ stings/pokes â–¯
kefÅ«;kefir
hoegÄ«o;â–¯ is sunlight
guodÅ«Ä±;â–¯ repeats too many times.
ku'ÄÄ±;"'orientation'; â–¯Ê¼s orientation in aspect/relevant to property â–¯  is described by property â–¯"
rÄ±etÄ“Ä±;interface
fÄ±jÄ«;I satisfy property â–¯.
Ä±aogÅafÅ«aq;â–¯ is an idol
metÄ alphabÄ“t;ha bi ci di he fi gi pa hi ji ki li mi ni ho pi ga ri si ti hu fa ba ka ja sa [for letter compounds in language codes and others]
ruolÅ«aq;"â–¯ pretends to be â–¯; â–¯ plays out â–¯; â–¯ does impression â–¯."
suaosÅq;â–¯ is a priorityÂ 
huaÄ±chÅ«ofÅ«aq;â–¯ is a picture of a spoon.
befÄ«lanÅÄ±;â€¦
seoshÅ;marry
kakÄo;â–¯ is a cacao/cocoa tree (Theobroma cacao). 
duatÅ«;famous
rÄ±utÅ«e;â–¯ is the anniversary of â–¯Â 
???;â–¯ is a frame/structure/skeleton/supporting outline.
repÄ«;reptile
tuakÅe;â–¯ chooses/decides to make â–¯ be the case, out of propositions â–¯.
???;â–¯ is a side of â–¯.
fÄ«eqfÅ«aqgÅ«olÄÄ±;â–¯ is a space that was mapped / charted by â–¯
fakÄ«u;â–¯ pees into the toilet â–¯
choaqhÄ«o;â–¯ welcomes â–¯ to â–¯.
metÄfÅ;metaphor
duagÄ«kÅ«qsÄ“;proverb
rÄ±okÄ«oq;â–¯ is a gas giant
taotÅ«;â–¯, to each member of â–¯ one after the other, does â–¯ (2)Â 
juqkÄ“a;â–¯ is a client machine.
puaonÄ«aÄ±;sheep
chealÄÄ±cÄ«a;___ is written with sparse tone marking. Omits diacritics for tones 1 and 4.
hÄ±aodÄÄ±rÅ«aq;warn
cheoqbÄ“; ___ is a milk bottle used to feed babies/infants.
jeqmÄq;"Proximal ""it"""
mÄ±udÄ«u;philosophy
rÄ±odÅ«o;wind
maÄ±tÅ«e;have a romance
joafÄ“;Friday
maÄ±bÄ«a;â–¯ is in love with â–¯.
pÄ±kÄchÅ«;â–¯ is/are Pikachu.
cÄ±uchÄ«a;need to excrete
gÄ±aqkÄÄ±sÄ“;"â–¯ is a music score; â–¯ is a composition (written)."
duomÅ«oq;â–¯ is a fluid.
dorÄgÅq;dragon
mÄ± sháº»Ä±shÄhÄ;â–¯ is Lichessâ€”the free online chess server
re;statement prefix: append #sÃºq as the first place to the subordinated statement, shifting places one to the right, then pack into predicate meaning â€˜I hereby request/ask/command that [statement] be the case.â€™
beaqmÄ“;â–¯ is a ladder.
heomÄq;"Obviative ""it"""
tÄ±gÄ;tiger
toaÄ±tÅ«e;"â–¯ is an activity; â–¯ is an event that can be brought about by accomplishing atomic sub-activities â–¯ (not necessarily ordered or heterogenous)."
soaÄ±cÄ;â–¯ emits rays â–¯.
???;â–¯ is supposed to be/do â–¯.
puaobÄ«u;"â–¯ is specifically the character ğŸŒª (U+1F32A CLOUD WITH TORNADO; `:cloud_tornado:`)."
depÄq;"â–¯ is an ornament to â–¯; â–¯ decorates/ornates (intransitive sense) â–¯."
háº» já»§oqcÄ hÃ¡ baq gá»‰ baq há»§Ä± da.;There's no such thing as a free lunch.
tÄ±cÅ«ao;â–¯ is across / on the opposite side of â–¯ as seen from â–¯.
koqpÄnÄ«;company
jeaqcÄ“o;Ithkuil's Graduative Extension
loaÄ±lÄq;â–¯ is a continuant (phonetics)
runÄ;pattern
gucÅ;â–¯ is neither, either, or both of â–¯ and â–¯.
benÄ«u;sapling
joqrÄ“o; â–¯ is a hue.
tuaÄ±fÅ«q;â–¯ is a cloak
rÄ±aqnÅ«a;"â–¯ is the result of substituting â–¯ for â–¯ into â–¯; â–¯ = [â–¯ â†’ â–¯](â–¯)."
taotÅ«a;â–¯ makes â–¯ do â–¯ (property).
doqdÄq;â–¯ is a minute.
neqdÅa;â–¯ wishes (to person) â–¯ that â–¯ happens.
cheodÅa;â–¯ exchanges service â–¯ (property) for service â–¯ (property) with person â–¯.
saorÄ«olÄÄ±;"semicolon (;)"
guegÄ«e;tentacle
???;I hereby express to you that I think â–¯ is the case, but would like to know whether you agree that it is indeed the case.
detÅachÄ“;â–¯ is a poet.
nÄ±orÅesubmit;â–¯ manifests youth vigor.
Ä±o;"particle: emphasis, attention-drawing, exclamation
gÄ±Ì‰da Ä±o! that's great!"
bá»§ tÃ»q sa shá»‰ lÃ® sá»§atÄo sÃºq ba.;Don't put all your eggs in one basket.
tÄ±jÄ“aq;spread
duodÄ“;graceful
hoqtÅaq;"â–¯ is the language this utterance is in; â–¯ is Toaq."
shÄ±jÅ«e;â–¯ is a January
puÄ±nÄ“;The count of â–¯ is the number â–¯.
fejÅ«e;â–¯ is a May
guarÄ«e;international
jÄ±qshÄ«;â–¯ is an entity.
jojÅ«e;â–¯ is an April
ledÅ«a;â–¯ guesses/loosely assumes/kind of knows that â–¯.Â 
sarÄÄ±;"There exists something that satisfies property â–¯; âˆƒx.â–¯â€˜xÂ "
kÄ±oqgÄ«u;circle
geqsÅa;â–¯ introduces â–¯ to â–¯
coejÄq;stick(y)
guobÄsÄ;___ is the Globasa language.
juqgÅ«otÅaq;â–¯ is a Chinese language.
joashÄ«;Monday
nabÄ“hÅ;â–¯ pertains to the Navajo/DinÃ© culture.
sÄ±emÄ“;"â–¯ is a sequence; â–¯ is the sequence âŸ¨â–¯, â–¯ (, â–¯ (, â–¯ (â€¦)))âŸ©."
nÄ±hÅqgÅ«a;â–¯ is Japan.
suaÄ±sÄ«umÅÄ±;â–¯ intuits â–¯
koemÅÄ±;â–¯ hesitates between â–¯ for satisfying property â–¯.
neaq'ÄÄ±;â–¯ is a coarse grained material
hÄ±kÅ«Ä±;Why is â–¯ the case?
???;twist
gá»‰bajÄ“;â€˜pleaseâ€™
gÄ±otÄ«tuao;â–¯ is ill-lit.
koesÄ“;"â–¯ was chosen from a set of â–¯-ers for purpose â–¯; â–¯ is a particular â–¯-er."
haqgÄ«q;toxic, poison
(tá»§e) guasÅÄ±;war
bÅ«a;"nationality suffix: â–¯ is X in nationality; â–¯ is X-ish/-ese/-an."
buqlÄ«a;cheek
jeokÅ«;it's â–¯ (out of the salient options) which is what satisfies property â–¯.
shÄ±jÅ«e;â–¯ is January
juqgÅ«o;â–¯ is Chinese / is of China, its languages or people.
sheabÄgÄ;suck
hÄ±pÄ«;â–¯ is a hippie (a person from that one specific movement that occurred in ~the 80's)
moÄ±kÅ«q;"â–¯ thinks of saying â–¯; â–¯ says â–¯ in their mind."
dÄ±aÄ±kÄtÄ;___ is a seven (cards)
sheÄ±tÄo;â–¯ does â–¯ in their free time.
peocÅe;â–¯ is fastened to â–¯by means of penetration 
toaqgÅ«a;â–¯ is Toaqistan.
gá»‰lÄ«e tá»‰ sÃºq nÃ­ ba.;welcome! (interjection)
cukÄ«;â–¯ nods
sÄ±ugÄ«qchÄ“o;various, vrici
joqhÄ«u;â–¯ is the Main.
daqgÅ«o;___ is a time/occasion.
molÄÄ±;"quotation mark ("" ' Â«)"
hÄ±aodÄÄ±sÄ«;careful
duamÄ«a;"â–¯ is educated, learned, erudite, savant; â–¯ is knowledgable about â–¯."
rÄ±oqdÄ«u;â–¯ is typology
shaokÅ«Ä±;motivates (non-agentive)
gushÅ;split in half (vi)
luÄ±gÄ«q;â–¯ has not yet begun taking place.
duaÄ±tÅaÄ±;task
teqgÅ«aÄ±tÅ«e;job
mÄ±hÅÄ±;last thing referred to by a name constructed with #mi
bá»§ dáº£Ä± jÃªaq gá»‰ baq cá»‰a má»§ náº» gá»‰ da.;You can't edit a blank page.
cuaqtÅa;verb
muÄ±lÄÄ±;â–¯ is an ideogram, ideograph, logogram.
pesÅjoq;â–¯ is a penis head
duapÅ«Ä±;famous
toaqtÅaq;â–¯ is Toaq.
toaqdÄ«u;â–¯ is linguistics.
oqsÄ«sÄÄ±;___ is (a quantity of) Oxygen (element 8)
saqkÄtÄ;___ is a three (cards)
hÄ±urÄ“a;river bank
hoeshÄ«y;"The sun sets; Sun â–¯ sets."
pÄ±edÅa;"â–¯ adds to beverage â–¯ supplement â–¯; â–¯ sugars/milks/cinnamons/butters beverage â–¯."
hoenÄ“;â–¯ is an hour.
guoqpÅq;â–¯ is an assholeÂ 
jeÄ±hÄ“o;"â–¯ is another; â–¯ is other than â–¯."
monÅ«;â–¯ goes by the lines of the most recent #mo-quote.
shuehÅ«Ä±;waste (bad deplete)
tÄ±otÅa;quantifier
keaqmÅ«oq;salt
heÄ±kÄtÄ;___ is a ten (cards)
rudÅ;â–¯ is a member of genus Rubus (including the raspberries, blackberries, dewberries and other plants).
cÃ²u;"Particle: ""directed at"". A poi-like that adds the phrase ""... intending that [...] should see it"" to the definition of the main verb"
jeokÅ«;"â–¯ (newsworthy element) satisfies property â–¯; â–¯ is one of the answers to the question of what satisfies property â–¯."
jeomÄ«eq;verify
nuÄ±mÅ«Ä±;â–¯ is the definition of â–¯.
chuaqrÄq;"â–¯ is â–¯-istic; â–¯ displays properties of the ideology â–¯ (= chuaq.2)."
suqgÄ«;"â–¯ is done with you as the beneficient; â–¯ is done for you."
caqdÅ«aÄ±;â–¯ is responsible for satisfying property â–¯
purÄ;â–¯ = â–¯ + â–¯.
forÄ«qsÄÄ±;___ is (a quantity of) Fluorine (element 9)
seaqmÅÄ±;â–¯ has perverse thought â–¯.
pÄ±onÅ«Ä±;pebble
tao jáº»aq já»e;"(fork of official) predicate: â€˜practiceâ€™; â–¯ practices skill â–¯."
chuchÄq;Wednesday
soÄ±jÄ“q;"â–¯ supports â–¯; â–¯ is on â–¯â€™s side; â–¯ is for â–¯."
shÄ±lÄ«;There is exactly one thing and no more which satisfies property â–¯ (among the things satisfying property â–¯).
sepÄ“rÄqtÅ;â–¯ is Esperantic / is of Esperanto, its culture or speakers.
hashÄ«dao;â–¯ is a hash-tag.
raqrÅ«o;treat
medÄ«a;media
paÄ±gÄ«q;enemy
farÄqsÄ“;â–¯ is French / is of France, its languages or people.
tuedÄ“a;â–¯ overthrows government â–¯.
teorÄ«;theory
juaocÅ«e; â–¯ has jurisdiction over state of affairs â–¯
nuqlÄ“q;â–¯ is a member of the suborder Vermilingua (the anteaters).
gÄ±aqtÄ“Ä±;"â–¯ is a melody; â–¯ is a/the melody to music fragment â–¯."
loqhÄq;â–¯ is brewed food.
hÄ±qgÄ«q;"â–¯ is such that the function â–¯ at that point yields â–¯ (default: 0); â–¯ is such that function â–¯ vanishes at that point."
koÄ±tÅaÄ±;step (motion)
seaqchÅ«q;â–¯ vores â–¯.
seoqpÄ«o;â–¯ is a meteorite.
heaqtÄ«ao;â–¯ is portable
ekÅ«adÅrÅgÅ«a;â–¯ is the country Ecuador â€“ Republic of Ecuador.
taotÅ«a;"â–¯ has â–¯ do â–¯; â–¯ lÃ¤sst (dem) â–¯ (den) â–¯ tun."
kadÄ“oq;â–¯ declares/pronounces that â–¯ is the case to audience â–¯.
chuaÄ±shÄÄ±;melt
dÄ±nÄ“;â–¯ pertains to the Navajo/DinÃ© culture.
kuqbÅ«aq;â–¯ means to say â–¯ but mistakenly says something erroneous instead.
joegÄ«;â–¯ is a master at â–¯.
neÄ±jÅ«e;â–¯ is a September
hÄ±hÄ«;"onomatopoeia: laughter; ___ is the sound of laughter."
jeogÄ«;"â–¯ is good for one to â–¯; â–¯ is such that it is good for most to be in relation â–¯ with it."
teqnÅlÅgÄ«;technology
fuqsÄÄ±;â–¯ is cloth/fabric/textile. 
cuaq rá»e;health (healthiness)
tÄ±eqgÅ«e;â–¯ has trajectory â–¯ in reference to â–¯.
jeogÅ«pÄq;half-true
metÄfÅrÄ;metaphor
co'Ä“;"stands for some specific predicate; equivalent to doÄ± ke ráº£Ä±"
anÄ«gÅ«aq;"predicate: â€˜desertâ€™; â–¯ is a desert."
poqmÄ“a;"â–¯ is social in group â–¯; â–¯ socialises in â–¯."
jÄ±jÄ«e;â–¯ is how I deem/judge things to be / is my opinion.
haqlÅqbeo;Raw food â–¯ cooks, yielding cooked food â–¯. (Refers to food prepared by heating).
saofÄ;travel
ceahÄkÅ;â–¯ is a member of genus Phascolarctos (the koala and extinct relatives).
lÄ±qrÅ«o;___ is feminine.
bÄ±qbÄ«q;â–¯ is a million.
farÄqsÄ“tÅaq;â–¯ is the French language.
guaokÅ;___ is a member of the Glaucus family (blue dragon sea slugs).
shÄ±aqfÅ«e;myriapod
paqcÄ“a;pocket
cÄ±jÅ«e;â–¯ is a June
gurÄ“;â–¯ is both or none of â–¯ and â–¯.
dÄ±pÄq;â–¯ = â–¯ / â–¯.
shÄ±lÄ«;"There exists exactly one â–¯-er;Â âˆƒ!x.P(x)"
deasÄ“;shock
cÄ±oÄ±bÄ“aq;â–¯ is a mortarÂ 
sejÄ“;â–¯ has â–¯ (property) as gender/sexuality
hoedÄ«a;"Nullary predicate: The sun sets; there is a sunset "
gaÄ±kÄ«ubÅq;hide
taodÄ«eq;â–¯ sends â–¯ to do â–¯.
seoqkÄ«oq;planet
tÄ±mÄ«q;"â–¯ is omnipresent; â–¯ is everywhereÂ "
huÄ±mÅaq;â–¯ has â–¯ on their conscience.
aÄ±pÄ«;"â–¯ is a faerie/fairy, an elf or an imp, or a brownie. 
in the spirit of aÄ±pÅ« but with an Ä« because i find it cuter"
toaÄ±shÄ“a;"â–¯ is a vacuum; â–¯ is a void."
goshÄ“;If the proposition â–¯ is the case then â–¯ is in relation â–¯ with that proposition.
kaÄ±shÈ³;â–¯ authorizes/allows â–¯ by writing somethingÂ 
seushÈ³lÄÄ±;â–¯ is a PINÂ 
há»§Ä± lÃ» cá»§a hÃ¡ baq há»§Ä± baq há»§Ä± da.;Two wrongs don't make a right.
muoqpÅ«q;#muoqpui
juqjÄÄ±;satisfied
dá»§Ä± bá»‰ao jÃ­ da ká»§q sÃºq sa dá»§ehÄ“a jÃ­ ba;I'm too confused. Tell me a hint!
???;â–¯ is a pie
já»§q.;â€˜rogerâ€™
saqjÃ¥Â«e;â–¯ is March
po rÃ­sÅ ga tá»§oqnÄ“;â–¯ is Christmas.
heqlÄ“;â–¯ is Greek or related to the â€˜Ode on a Grecian Urnâ€™.
fÄ±utÅe;â–¯ notches/cuts â–¯ (incomplete cut, not resulting in a complete separation).
catÄq;"â–¯ happens automatically; â–¯ is spontaneous."
moÄ±bÄq;â–¯ is a mind.
muÄ±mÄ«u;â–¯ perceives â–¯ as meaning â–¯.
lÄ±afÄ«eq;â–¯ invents â–¯ in parallel to â–¯ (or without knowledge of its existence).
deaqgÄ«q;ceiling
iqlÄqtÅaq;â–¯ is the English language.
turÄÄ±;"Everything satisfies property â–¯; âˆ€x.â–¯â€˜xÂ "
ekÅ«adÅrÅtÅaq;â–¯ is (one of) the language(s) spoken in Ecuador â€“ Republic of Ecuador.
gÄ±a'Ä“kÅ«;___ is a zebra.
nÄ±aqjÅ«ehÅemÄ«ao;___ is a lunisolar calendar. (a calendar that tracks both the movement of the Moon around the Earth and the Earth around the Sun)
choÄ±jÄ«usÄÄ±;___ is (a quantity of) Oxygen (element 8)
jeomÄ«eqtÅ«e;test
haqsÅ«e;â–¯ orders/requests dish â–¯Â 
arÄnÄ“;"predicate: â€˜spiderâ€™; â–¯ is a spider."
mahÄ“o;â–¯ differs from â–¯ concerning whether or not property â–¯is satisfied
reÄ±dÅ«o;orbit â“¥
jÄ±gÄ«;"â–¯ is done with me as the beneficient; â–¯ is done for me."
chÄ±tÅ«afÅ«Ä±;â–¯ is gullible/credulous/naive.
toacÄ«a;â–¯ is chaotic.
maÄ±jÄ«aÄ±;â–¯hugsâ–¯
kuÄ±dÅa;â–¯ explains/gives reasons for why â–¯ is the case.
doelÄ“;tende
ratÄ«o;proportion, ratio
nÄ±upÅaÄ±;â–¯ is a seed.
doÄ±chÄ“;â–¯ is German / of Germany, its languages or people.
kafÈ³kÄ ÄÄ±;â–¯ is Kafkaesque.
poepÄq;section
gÄ±unÅ«Ä±;"â–¯ is narrow; â–¯ is skinny; â–¯ is improportionately short in a direction perpendicular to the main line along which the object is considered."
rujÄ“o;"Both â–¯ and â–¯ are the case; both â–¯ and â–¯ satisfy property â–¯"
jeorÅ«;"â–¯ is the case and â–¯ is the case; â–¯ satisfies property â–¯ and satisfies property â–¯."
hÄ±qdÄ«a;â–¯ pertains to the culture of India.
gohÄ;the game of Go
shaomÅe;â–¯ is willing to do â–¯.
rÄ±arÄ«aq;"'square'; ___ is an open area within a town, typically enclosed by buildings"
uÄ±bÅ;â–¯ has â–¯ with them
jajÄ;"colloq. â–¯ is very/extremely/totally â–¯
comes from Toaq ""jáº£q jáº£q"""
soÄ±lÅ«aq;â–¯ competes with â–¯ to see in satisfying property/to see who satisfies property â–¯Â 
doajÅ«q;receive
hoezÄq;"The sun rises; Sun â–¯ rises."
guaqdÄ«u;â–¯ is geography.
duojÄ«aÄ±;"â–¯ runs their hand over â–¯; â–¯ pets or strokes â–¯."
heÄ±shÄ«jÅ«e;â–¯ is a November
ubÅ«lÄ;â–¯ is an uvula.
kuqkÄÄ±;â–¯ writes â–¯ on â–¯.
nÄ±anÅ«a;"(fork of official) predicate: â€˜lowerâ€™; â–¯ lowers â–¯ down."
caÄ±mÅe;excited
taobÅ«ca;â–¯ does â–¯ by accident, unintentionally.
bua Ä«omÄ“;â–¯ is a neighborhood
oÄ±;"Extreme doubt illocution. Means ""it is said that"", ""im just throwing out there that"", or ""hypothetically"". Presents text as interesting important rather than true. Can also be used for sarcasm, works like a Toan '/s'.

gá»‰ nÃ­ dáº£Ä±sÄ«o báº£kÄmÅqdÄ oÄ± = ""'this' 'illocution' 'is' 'a' 'good' 'idea.'""(these are scare quotes. intended to illustrate doubt. Sentences marked with oÄ± will lack the connotation of being immensely annoying, hopefully)"
shÄ±aqbÄ«q;myriapod
hysÄ;â–¯ is the near-ultraviolet color.
raqkÅ«q;â–¯ comments on â–¯.
teoqlÄÄ±;question mark, interrogation point (?)
taogÄ«q;â–¯ satisfies property â–¯ automatically / as a reflex / without wanting or trying to / â€œaffectivelyâ€ (Ithkuil sense).
jao kÄq bÄ«u;â–¯ is a telescope.
???;â–¯ pinches â–¯.
kogÄ«q;â–¯ is the x-th to last among â–¯ where x is the number â–¯, when sorted by property â–¯.
hakÄ“;"â–¯ is the result of applying the Ackermann function on arguments (â–¯, â–¯, â–¯); â–¯ = Ackermann(â–¯, â–¯, â–¯)."
choakÄ«u;(fork of #bCR9LN-E5) utterable, â–¯ is able to utter â–¯
mÄ± nuÄ±hÄ«u;Bach
sepÅe;"â–¯ has an independent outcome to â–¯; (â–¯ is free in â–¯)."
bÄ±aqdÅ«Ä±;â–¯(0) is redundantÂ 
nÄ±aÄ±dÄ«u;â–¯ is zoology.
pocÄ«a;â–¯ lacks/is without â–¯.
jÄ±aÄ±sÅÄ±;wrestle
po'Äq;reflexive possessive reference predicate 'mine/yours/theirs': refers to something possessed by or associated with the referents in the first argument place of the current statement.
buÄ±cÄ“;â–¯ is an exit 
tunÄqmubÄÄ±pÅ«Ä±jÄ“q;All men â–¯ are created equal, according to â–¯, by standard â–¯, by observer â–¯, under conditions â–¯, per volition of â–¯ not being able to comprehend the fact â–¯ that the word for â€˜manâ€™ â–¯ in their language â–¯ is the same as the word for â€˜humanâ€™ â–¯ [this place added for redundancyâ€™s sake], possibly (in alternate universe â–¯ by alternate universe model â–¯ against all odds â–¯) creating women â–¯ unequally by standard â–¯, which implies (for thinker â–¯) the prejudicial correctness of the starting statement (expressed in words â–¯ to audience â–¯ by means â–¯), this fact being ignored by â–¯ because of reasons â–¯, which, according to â–¯, is the best approach to take (out of all approaches â–¯ [set, not Â«roiÂ»], best by standard â–¯), allegedly (with â–¯ being in first person and â–¯ being the one whose words are cited) because (by causality â–¯) of the times â–¯ in which these words were spoken (by advocate or witness â–¯), in which (the uniqueness of this time being guaranteed by â–¯) women didnâ€™t exist by chauvinistic metaphysics â–¯ (chauvinistic by standard â–¯ and according to judge â–¯), coming close to the absurdity (as per â–¯, the perceiver thereof) of joke words â–¯ created for language â–¯ in order to put to shame (with agent â–¯) the idea of having property â–¯, or â–¯ being the case, despite the possible nuisance (for hypothetical (by standard â–¯) nuisance-ee â–¯) of this languageâ€™s creator â–¯, familiar with similar incidents â–¯ happening in analogous language communities â–¯ (analogous on the basis of relation â–¯ [binary Â«liÂ»]), assuming a basic understanding of predicate logic â–¯ with audience â–¯. [frame: JEO]
sykÄ«;"â–¯ experiences/feels/lives by a striving for (and, if achieved, the serenity resulting from) a delicate but sustained balance of the following personal states/ideals:
â€¢ a calm appreciation for, and acceptance of, those aspects of oneâ€™s life/existence that cannot be controlled/avoided (e.g., death, pain, loss, misfortune, etc.), due to understanding that such things are necessary to have a true appreciation for the value of lifeâ€™s joys;
â€¢ being able to identify/recognize opportunities to improve oneâ€™s chances for happiness/achievement/self-esteem and having the willingness and determination to pursue such opportunities as long as doing so causes no harm to others or to Nature;
â€¢ a deep appreciation and sense of wonder at the beauty and majesty of Nature;
â€¢ a deep appreciation and sense of pride in those achievements of humankind that have brought happiness, prosperity and well-being to peopleâ€™s lives, while at the same time having a keen ability to distinguish the difference between those achievements which have truly benefited humankind versus those seeming achievements which are ultimately divisive, alienating, anxiety-causing or destructive in the long-term;
â€¢ a sense of personal reward, pride, and personal sanction (i.e., a feeling that oneâ€™s existence is justified) when experiencing joy in oneâ€™s life;
â€¢ joy from, and humble appreciation for, the giving and receiving of love to/from others;
â€¢ humbleness in understanding that oneâ€™s own joy and sense of personal sanction/reward for achieving oneâ€™s goals/desires is a private, personal matter not to be used arrogantly as a weapon against the self-esteem of other people."
puÄ±gÄ«q;few
chekÅ«aÄ±;"â–¯is an armchair â–¯-ist; â–¯ is not really a professional and potentially merely an enthusiast and/or doesn't have formal education to/at satisfy(ing) property â–¯ "
gaqcÄ«a;"(fork of official) predicate: â€˜aloneâ€™; â–¯ is alone."
hÄ±aotÅ«afÄÄ±;â–¯ is cruel towards â–¯.Â 
soaosÄ“;â–¯ is sweat.
huakÅ«aq;___ expresses/gestures property ___
nÄ±qsÄÄ±;___ is (a quantity of) Neon (element 10)
pÄ±odÄ«u;â–¯ is geology.
soaqkÄ«aÄ±chÄ“;___ is a gardener.
reqdÄ«u;â–¯ is anthropology.
fuaqtÅ«aÄ±;â–¯ is a physical support of image/picture â–¯.
chuajÅe;"â–¯ has title â–¯ in field â–¯; â–¯ is certified with honorary affix â–¯ to have gained expertise on subject â–¯/1."
puqtÅ;"separator: â€˜CONJâ€™; helper particle in forethought conjunctions: puqtÅ + conj ___ to ___ to â–¯ to â–¯... na
No automatic termination. Requires na."
jÄ±ochÄ“a;roof
sÄ±aomÄ“rÄ«kÄ;â–¯ is a Native American / Indian / Indigenous American.
nuadÅa;replace/instead
muÄ±hÅ«Ä±;"â–¯ is pejorative; â–¯ carries negative connotations â–¯."
hÄ±pÅtÄ“;hypothesis
suqtÅa;"your point; what youâ€™re trying to say; what you mean."
doetÄo;"â–¯ does â–¯ on purpose; â–¯ does â–¯ to accomplish â–¯."
chaÄ±bÅe;â–¯ is tea leaf that yields tea â–¯.
hÄ±u'Ä“kÅ«;â–¯ is a hippopotamus.
teqdÅa;â–¯ sells â–¯ to â–¯ for money â–¯.
lÄ±aÄ±hÅ«a;â–¯ is a fine (body part).
nÄ±aqjÅ«ehÅe;___ is a solar calendar. (a calendar that tracks the movement of the Earth around the Sun)
mÃ­ bá»§;False [boolean value]
pÄ±ucÄ«u;â–¯ moults/molts/sheds/casts skin â–¯ off.
ruaqgÄÄ±;hear that (hearsay, indirect information), ti'erna
shuashÅe;"â–¯ lets â–¯ fall on â–¯; â–¯ drops â–¯ onto/into â–¯ from â–¯."
kÄ±lÅ;â–¯ is a kilogram.
cuaqjÄ«e;Ithkuil's Interpretative Case: X (abstract) is the interpretation of Y as seen by Z
haqhÅ«achÅa;ventriloquist
kaqgÄÄ±kÄ«u;___ is visible.
gujÅ«e;â–¯ is a February
jeokÅ;"Exactly one of â–¯, â–¯, â–¯â€¦ is the case; â–¯ â©¡ â–¯ â©¡ â–¯Â â©¡Â â€¦"
bushÄ“bu;"â–¯ has â–¯ as a necessary, but not necessarily sufficient condition; For â–¯, â–¯ must happen."
Ã¹;[Interjection] Expression of pity (lojban's {.uu})
mÄ±utÄ“oq;â–¯ is a poll towards â–¯ (group) about â–¯/1.
muÄ±lÄ«aq;â–¯ are synonyms.
goaÄ±nÅ«a;Â â–¯ abrades material â–¯ off â–¯.
juqpÅ«a;satisfied
ká»§aq ka.;elliptical performative
shÄ±jÅ«e;"â–¯ is a January; â–¯ is a time point or period satisfying property â–¯ and being part of a January."
buqrÄ«aÄ±;jaw
sÄ±emÄ“;â–¯ is a sequence (abstract entity).
saqjÄ«eq;triangle
chÄ±adÅa;provide
soÄ±tÄÄ±;win
taÄ±pÅ«a;satisfied
mÄ±aqbÅ;â–¯ has value â–¯ 
fuhÄ«e;pregnant
hakÄ“cuaq;"â–¯ is the result of applying the Ackermann function on arguments (â–¯, â–¯, â–¯); â–¯ = Ackermann(â–¯, â–¯, â–¯)."
koeshÅ«q;"â–¯ was not chosen from the set of â–¯-ers for â–¯; â–¯ is a non-particular, random â–¯-er."
???;the relation â–¯ is the composition of relation â–¯ with relation â–¯.
kaÄ±fÄ«eq;"â–¯ writes â–¯; â–¯ is a writer."
nuaqgÄ«o;star
metÅa;compound (e.g., toamÄ“)
lutÄ“a;â–¯ is afraid of â–¯ being the case.
lemÅ«Ä±;interpretation (PAI)
tÄ±rÄ“a;surface
dÄ±ochÅ«bÄ«e;___ is an afternoon.
moÄ±chÄ«aÄ±dÄ«u;â–¯is psychiatry
suaÄ±tÄo;"â–¯ hurries up; â–¯ hurries in doing â–¯."
nuofÅ«alÄ«a;___ is bedside / is beside a bed.
feaÄ±;___ happens, and [the thing produced / emitted / released / created in that event] then goes on to be with ___ in binary predicate ___.
guapÄq;region
guaÄ±dÅ«Ä±bÄ«a;â–¯, due to overworking, suffers from illness â–¯.
gukÄtÄ;___ is a two (cards)
mokÅ«q;quote â“‹
mÄ± máº»otÅaq;Lojban
hoaqhÄq;fuel
nuaÄ±rÄ«oq;â–¯ is currency
toaqmÅ«Ä± cu lÃº tá»aqmÅ«Ä± hÃ³a;â–¯ is a (possible) translation to language â–¯ of expression â–¯ from language â–¯.
taqdÄ;standard
gÄ±aqlÄÄ±;â–¯ is a note (musical) signifying â–¯.
gÄ±ohÅaqbÄ“aq;candle
haogÄq;"â–¯ keeps â–¯ company; â–¯ stays with â–¯ so they will not be lonely"
huaqlÅÄ±;"â–¯ envies â–¯ for being more â–¯/1 than themselves; â–¯ is jealous for â–¯â€™s â–¯/1-ness."
deqgÄ«;â–¯ has the ability to do â–¯.
luaqnÄ“;"â–¯ is a game variable; â–¯ is game points."
keaqtÅ«anÅ«eq;_ is a salami
laÄ±kÅekÄ“a;â–¯ is a keyboard 
kuonÅqsÄÄ±;â–¯_ is pepper
koaqnÅ«asÄ“;â–¯ is the harvest from plant(ation) â–¯.
duchÄ;â–¯ happens in such a way that â–¯ seems to be the case.
mÄ±edÅ«a;"â–¯ is savoir-vivre; â–¯ is good manners."
jeaqcÄ«a;"â–¯ satisfies property â–¯ at its (their) maximum; â–¯ can â–¯ no more than they (it) currently are (is)."
kopÄ«o;scorpion
tubÄ«;"â–¯ is identical to â–¯; â–¯ is a member of â–¯; â–¯ is a subclass of â–¯; â–¯ satisfies property â–¯; â–¯ is located at â–¯; There exists â–¯."
ykÅ;"â–¯ is the relation obtained by composing the relation â–¯ with itself N times, with N being the cardinality of anything satisfying property â–¯;
the relation â–¯ is the N-th iterate or N-th relational power of the relation â–¯, N being the cardinality of anything satisfying property â–¯."
rÄ±utÅ«a;â–¯ resets â–¯Â 
fuqsÄ«a;naked
bÄ±elÄ“aq;"â–¯ comes right after â–¯; â–¯ starts exactly when â–¯ ends."
jualÅ«aÄ±;â–¯ is absurd, grotesque, ridiculous, ludicrous.
maqtÅ;mammoth
???;I think/believe that â–¯ is the case, and I expect you concur that it is indeed the case, but would nevertheless like to hear your confirmation.
logÄq;"â–¯ is the main branch of the logarithm function; â–¯ = ln â–¯."
noaÄ±chÄÄ±;â–¯ is milk tea!!!
tÄ±aofÅa;â–¯ is (feels) satisfied (satisfaction).
leagÄ«;â–¯ is of good quality.
doekÄÄ±;"â–¯ programs in order to make â–¯ perform task â–¯; â–¯ writes code for computer â–¯ in order to do â–¯."
ruohÅ«Ä±;"â–¯ is untactful; â–¯ is bad behaviour."
toakÅ«e;dictionary (book)
seoqtÅ«edÄ«u;â–¯ is meteorology.
saosÄo;colloq. ___ is huge, ___ is enormous, ___ is gigantic
faq'Å«esÄ“;agreement particle
rÄ±aÄ±kÅ«q;argue that
joajÅ;Thursday
ua;â–¯ is a dipshit.
rÄ±sÅ;â–¯ is Jesus Christ.
