sÄ±qmÄ«q;"predicate: â€˜cleanâ€™; â–¯ is clean/impeccable/spotless and has no impurities at all."
badÄ“oq;â–¯ addresses commands at / speaks imperatively to â–¯.
bÄ±aqdÅ«Ä±;â–¯(0) is redundant
gaÄ±no;"â–¯ is a sense; â–¯ is a mode of perception concerning stimuli â–¯."
TubÄlÅ«tÅaq;â–¯ is (one of) the language(s) spoken in Tuvalu.
Máº£ moq?;elliptical question
soÄ±deoq;â–¯ (coll.) discuss matter â–¯.
UrÅ«gÅ«aÄ±tÅaq;â–¯ is (one of) the language(s) spoken in Uruguay â€“ Oriental Republic of Uruguay.
leagÄ±;â–¯ is of good quality.
NedÄ“lÄqtÅaq;â–¯ is the Dutch language.
soaqkÄ«aÄ±chÄ“;â–¯ is a gardener.
BabÄdÅtÅaq;â–¯ is (one of) the language(s) spoken in Barbados.
BelÄrÅ«sÄ«tÅaq;â–¯ is (one of) the language(s) spoken in Belarus â€“ Republic of Belarus.
huelÄxÄÄ±;â–¯ is yonic
jáº»o há»e mÃ­ Há»emÄÄ± da;â€˜Indeed, solpahi is a star.â€™
anÄ«hÄ«;â–¯ is a sandwich
ZaÄ±tÅaq;â–¯ is Esperanto.
sÄ±ekÄo;â–¯ is a will
KufaÄ±tÅaq;â–¯ is (one of) the language(s) spoken in Kuwait â€“ State of Kuwait.
pura;â–¯ = â–¯ + â–¯.
IrÄkÄ«;â–¯ pertains to the culture of Iraq â€“ Republic of Iraq.
lÄ±qxÄÄ±;â–¯ is feminine.
doetao;"â–¯ does â–¯ on purpose; â–¯ does â–¯ to accomplish â–¯."
muaqtÅ«e;â–¯ is death
hoegÄ±o;â–¯ is sunlight
BekÄ«qtÄqgÅ«a;â–¯ is the country Uzbekistan â€“ Republic of Uzbekistan.
RÄ±sÅ;â–¯ is Jesus Christ.
shenaÄ±gÄ±;"It would be good for â–¯ to happen now; Itâ€™s about time â–¯ happened."
SenÄ“gÄlÄ;â–¯ pertains to the culture of Senegal â€“ Republic of Senegal.
mÄ±aqbÅ;â–¯ has value â–¯
nÄ±anÅ«a;"predicate: â€˜lowerâ€™; â–¯ lowers â–¯ down."
shÄ±qraq;â–¯ is nosy.
SakaqtÅaq;â–¯ is (one of) the language(s) spoken in Georgia.
gushÄ±;â–¯ is either â–¯ or â–¯, but not both.
KÄ±rÄ«bÄtÄ«tÅaq;â–¯ is (one of) the language(s) spoken in Kiribati â€“ Republic of Kiribati.
saqkÄtÄ;â–¯ is a three (cards)
AqtÄ«gÅ«arÅÄ±bÄbÅ«dÄgÅ«a;â–¯ is the country Antigua and Barbuda.
BaqlÄdÄ“shÄ«gÅ«a;â–¯ is the country Bangladesh â€“ People's Republic of Bangladesh.
gÄ±aqkaÄ±;"â–¯ composes music â–¯; â–¯ writes notes â–¯."
luaqduogÄ±aqme;â–¯ is a suite.
lÄ±qsÄ±unaq;â–¯ is an effeminate man.
OsÄ“Ä±lÄ«atÅaq;â–¯ is (one of) the language(s) spoken in Australia,
huaÄ±chuofuaq;â–¯ is a picture of a spoon.
caÄ±duadoa;â–¯ assures that â–¯ for listener â–¯.
lÄ±qlÄ±q;â–¯ is a famous male pianist.
mÄ±hoÄ±;last thing referred to by a name constructed with #mi
shÄ±utoa;Word â–¯ is a priori.
soaÄ±tao;â–¯ extends â–¯
moÄ±deoqkuq;â–¯ says â–¯ to â–¯ telepathically.
Táº» táº» cá»§a hÃ³q da.;â€˜It has been in the state of having been responded with to somebody by somebody.â€™
TaqjÄnÄ«a;â–¯ pertains to the culture of Tanzania â€“ United Republic of Tanzania.
IqlÄqsÅ«edÅbÄ«a;â–¯ suffers from the English sweating sickness (sudor anglicus).
guaokÅ;â–¯ is a member of the Glaucus family (blue dragon sea slugs).
Tá»§ao bá»§fÅaqca;"Predicate: bother. â–¯ bothers â–¯; â–¯ is bothersome."
hoaqhÄ«ao;â–¯ burns (injury) â–¯
AqgÅlÄtÅaq;â–¯ is (one of) the language(s) spoken in Angola â€“ Republic of Angola.
joqrÄ“o;â–¯ is a hue.
EsÄ“tÄ«tÅaq;â–¯ is (one of) the language(s) spoken in Estonia â€“ Republic of Estonia.
LagÄ“rÄ«a;â–¯ pertains to the culture of Algeria â€“ People's Democratic Republic of Algeria.
hoejÄ“aq;"Nullary predicate: The sun rises; there is a sunrise"
muÄ±fuaq;graph, diagram
ZaqbÄ«a;â–¯ pertains to the culture of Zambia â€“ Republic of Zambia.
RuaqdÄ;â–¯ pertains to the culture of Rwanda â€“ Republic of Rwanda.
cÄ±atÅaq;â–¯ is Toaq but without marking tone 1 or 4.
kuraÄ±su;Christ
KosofotÅaq;â–¯ is (one of) the language(s) spoken in Kosovo â†’ Kosovo.
TaqjÄnÄ«agÅ«a;â–¯ is the country Tanzania â€“ United Republic of Tanzania.
nuochaq;Saturday
Choadeq;utterable, â–¯ is able to utter â–¯
juaocÄq;â–¯ has jurisdiction over state of affairs â–¯
TogÅ;â–¯ pertains to the culture of Togo â€“ Togolese Republic.
IrÄkÄ«gÅ«a;â–¯ is the country Iraq â€“ Republic of Iraq.
gubutu;â–¯ is zero or one of â–¯ and â–¯.
teqdoa;â–¯ sells â–¯ to â–¯ for money â–¯.
taho;"â–¯ is a tangent; â–¯ is tangential to â–¯."
ruqtÄ±e;â–¯ is an umbrella, an overhang, or any other kind of physical blocker of rain.
Bá»§ dáº£Ä± jÃªaq gá»‰ baq cá»‰a má»§ náº» gá»‰ da.;You can't edit a blank page.
joacÄ±;Saturday
jeÄ±heo;"â–¯ is another; â–¯ is other than â–¯."
nuÄ±poq;â–¯ is a short person.
taoseu;â–¯ is the number tau Ï„ = 6.283â€¦.
chÄ±caÄ±;â–¯ is confident that â–¯ is the case
SerÄ“bÄ«agÅ«a;â–¯ is the country Serbia â€“ Republic of Serbia.
cuataqteoqkuq;â–¯ asks question â–¯ to â–¯, despite the fact that they already know the answer.
naqroÄ±lÄ±q;â–¯ is non-binary.
aÄ±cÈ³;â–¯ is an integer.
Já»§oqcÄ tu tu da.;There's no such thing as a free lunch.
BÄ±enÄqgÅ«a;â–¯ is the country Vietnam â€“ Socialist Republic of Vietnam.
toaqdÄ±Ì„u;â–¯ is linguistics.
guoduÄ±;â–¯ repeats too many times.
poqpuqruobÄ±a;â–¯ has dissociative identity disorder.
KanÄdÄgÅ«a;"predicate: 'Canada'; â–¯ is Canada."
SÄ±aomÄ“rÄ«kÄ;â–¯ is a Native American / Indian / Indigenous American.
shaÄ±chaq;Friday
noaÄ±chaÄ±;â–¯ is milk tea!!!
Má»‰ukÅ«aq ba.;"a phrase asking the listener to share his thoughts; â€˜What are your thoughts?â€™; â€˜What do you think?â€™; â€˜Share your opinion!â€™."
pÄ±qfea;â–¯ is rigid.
cukÄ±;â–¯ nods
meta:alphabet;ha bi ci di he fi gi pa hi ji ki li mi ni ho pi ga ri si ti hu fa ba ka ja sa [for letter compounds in language codes and others]
dafuq;â–¯ is confused about â–¯.
nÄ±apuao;â–¯ is mist/fog.
gutu;â–¯ is both of â–¯ and â–¯.
UrÅ«gÅ«aÄ±;â–¯ pertains to the culture of Uruguay â€“ Oriental Republic of Uruguay.
doekaÄ±;"â–¯ programs in order to make â–¯ perform task â–¯; â–¯ writes code for computer â–¯ in order to do â–¯."
chaÄ±kÄ±oÄ±;â–¯ brews (prepares) tea â–¯ in water â–¯.
JuqgÅ«otÅaq;â–¯ is a Chinese language.
LÄ±qteqtaÄ±tÅaq;â–¯ is (one of) the language(s) spoken in Liechtenstein â€“ Principality of Liechtenstein.
JamÄÄ±kÄtÅaq;â–¯ is (one of) the language(s) spoken in Jamaica.
measÄ±a;"â–¯ is the empty set; â–¯ is zero in number."
saorÄ±olaÄ±;"semicolon (;)"
Ä±otÄ;"â–¯ are 10<sup>24</sup> (1,000,000,000,000,000,000,000,000) in number; â–¯ are a septillion."
EsÄ“tÄ«gÅ«a;â–¯ is the country Estonia â€“ Republic of Estonia.
lueqjuq;"â–¯ is a client; â–¯ receives â–¯â€™s service â–¯."
befÄ±lanoÄ±;â€¦
suaopaÄ±;â–¯ is a close/dear friend of â–¯.
EsÄ“pÄnÄ«atÅaq;â–¯ is (one of) the language(s) spoken in Spain â€“ Kingdom of Spain.
raqfÄ±;broda
teÄ±fuÄ±;"â–¯ is soft; it is easy to change the shape of â–¯."
BakÄjÄ«agÅ«a;â–¯ is the country Abkhazia â†’ Abkhazia.
KufaÄ±gÅ«a;â–¯ is the country Kuwait â€“ State of Kuwait.
fenoq;"â–¯ is a fellow â–¯-er to â–¯; â–¯ is someone who satisfies p-ty â–¯ who isnâ€™t â–¯."
muqjÄ±Ì„aÄ±;â–¯holds hands withâ–¯
OsÄ“Ä±lÄ«a;â–¯ pertains to the culture of Australia.
chuqgÄ±;â–¯ is edible.
Ä“q;hesitation, holding the floor
hakecuaq;"â–¯ is the result of applying the Ackermann function on arguments (â–¯, â–¯, â–¯); â–¯ = Ackermann(â–¯, â–¯, â–¯)."
luaqdÅ«o;â–¯ plays physical sport â–¯
nadeq;"â–¯ is an adder; â–¯ is a nadder."
gÄ±aqduo;â–¯ dances to music/rhythm â–¯.
huÄ±caqruaq;â–¯ blames â–¯ (for satisfying property â–¯)
hoqtoaq;"â–¯ is the language this utterance is in; â–¯ is Toaq."
noqpua;"â–¯ is tasty; â–¯ is pleasant to the palate."
shá»§aÄ±nÅ« jáº½o;It really do be like that
ChÄ±lÄ“tÅaq;â–¯ is (one of) the language(s) spoken in Chile â€“ Republic of Chile.
TubÄlÅ«gÅ«a;â–¯ is the country Tuvalu.
BolÄ«bÄ«agÅ«a;â–¯ is the country Bolivia â€“ Plurinational State of Bolivia.
tuaobÅ«pÄ“;"the degree to which â–¯ is the case is greater than the average among â–¯; the degree to which â–¯ satisfies property â–¯ is greater than the average among â–¯."
tÄ±qtÄ±;â–¯ stings/pokes â–¯
aoshÈ³;you would allow â–¯ to happen (if it were to be to happen).
ShÄ±chÄ«pÄ“tÅaq;â–¯ is (one of) the language(s) spoken in Albania â€“ Republic of Albania.
keaqtuanueq;_ is a salami
shoaÄ±â€™Ä“kÅ«;"â–¯ is a winged horse; â–¯ is a pegasus."
Háº» zá»aÄ±cÄ«a hÃ¡ baq gáº£Ä±tÄ“ da.;The proof is in the pudding.
teÄ±noa;"â–¯ is hard; it is hard to change the shape of â–¯."
zeonÄrÄq;â–¯ is the fruit of a Citrus Ã— sinensis tree.
DoÄ±chÄ“gÅ«a;â–¯ is Germany.
gÄ±pa;"â–¯ is made to satisfy property â–¯, which is good for them; â–¯ satisfies property â–¯, which is done by somebody for them."
dÄ±aÄ±kÄtÄ;â–¯ is a seven (cards)
BelÄ“jÄ«tÅaq;â–¯ is (one of) the language(s) spoken in Belgium â€“ Kingdom of Belgium.
deoqgaq;â–¯ keeps â–¯ company.
ShÄ±chÄ«pÄ“;â–¯ pertains to the culture of Albania â€“ Republic of Albania.
TaÄ±bÄq;â–¯ pertains to the culture of Taiwan (Republic of China) â†’ Taiwan.
BekÄ«qtÄq;â–¯ pertains to the culture of Uzbekistan â€“ Republic of Uzbekistan.
kuoshuao;â–¯ is a crow
HÄ±qdÄ«agÅ«a;â–¯ is India.
LÄ±etufa;â–¯ pertains to the culture of Lithuania â€“ Republic of Lithuania.
ErÄ«egÅ«a;â–¯ is the country Ireland[25].
lÄ±afÄ±eq;â–¯ invents â–¯ in parallel to â–¯ (or without knowledge of its existence).
tuaopÄ“;"the degree to which â–¯ is the case is lesser than the average among â–¯; the degree to which â–¯ satisfies property â–¯ is lesser than the average among â–¯."
nÄ±aqjÅ«ehÅe;â–¯ is a solar calendar. (a calendar that tracks the movement of the Earth around the Sun)
OsÄ“Ä±lÄ«agÅ«a;â–¯ is the country of Australia.
hÄ±aogaÄ±pua;â–¯ is pleasured by seeing â–¯ suffer. [schadenfreude]
MehÄ«kÅgÅ«a;â–¯ is the country Mexico â€“ United Mexican States.
shÄ±pÄ±e;â–¯ has a drink.
lÄ±qkÄtÄ;â–¯ is a queen (cards)
cÄ±okoaq;â–¯ is a young adult.
deoqduoÄ±;â–¯ just canâ€™t stahp talking.
gÄ±qmÄ±aÄ±;â–¯ alliterates with â–¯.
EsÄ“tÄ«;â–¯ pertains to the culture of Estonia â€“ Republic of Estonia.
sÄ±sÄ±a;â–¯ is unconscious.
choÄ±jÄ«usÄÄ±;â–¯ is (a quantity of) Oxygen (element 8)
buaÄ±jÄ«ojÄ«eq;â–¯ is a rectangle.
tuatua;â–¯ makes â–¯ do â–¯ (event).
BekÄ«qtÄqtÅaq;â–¯ is (one of) the language(s) spoken in Uzbekistan â€“ Republic of Uzbekistan.
toasoÄ±;tumultuous predicate: â–¯ is the first argument, â–¯ is the second argument, â–¯ is the third argument, and so on.
laÄ±mÄ“;â–¯ is a code
TurÅ«kÄ“gÅ«a;â–¯ is the country Turkey â€“ Republic of Turkey.
BelÄrÅ«sÄ«gÅ«a;â–¯ is the country Belarus â€“ Republic of Belarus.
mÄ± Láº£Ä±lÄÄ±;â–¯ is sitelen sitelen.
seaqmoÄ±;"â–¯ has sexual fantasies (phantasies) â–¯; â–¯ fantasises (phantasises, fantasizes, phantasizes) that â–¯."
naqkÄtÄ;â–¯ is a king (cards)
roaÄ±kÄtÄ;â–¯ is an eight (cards)
gure;â–¯ is both or none of â–¯ and â–¯.
supÄq;â–¯ is spam
joecaq;â–¯ is a master, mentor, teacher, guru.
tÄ±eqgue;â–¯ has trajectory â–¯ in reference to â–¯.
fÄ±eqjÅe;â–¯ is creative
BenÄ“jÅ«elÄ;â–¯ pertains to the culture of Venezuela â€“ Bolivarian Republic of Venezuela.
gÄ±unuÄ±;"â–¯ is narrow; â–¯ is skinny; â–¯ is improportionately short in a direction perpendicular to the main line along which the object is considered."
HÄ±qdÄ«a;â–¯ pertains to the culture of India.
koeshuq;"â–¯ was not chosen from the set of â–¯-ers for â–¯; â–¯ is a non-particular, random â–¯-er."
mÄ± NuÄ±hÄ±u;Bach
soÄ±ruo;"â–¯ is an act of violence; â–¯ commits act of violence â–¯."
huÄ±dÄÄ±jÄ“o;â–¯ is in danger of satisfying property â–¯
BanÅ«atÅ«tÅaq;â–¯ is (one of) the language(s) spoken in Vanuatu â€“ Republic of Vanuatu.
Pá»§Ä±dÄ“q baq pá»§Ä± da.;There's strength in numbers.
zu;â–¯ is a language.
BabÄdÅ;â–¯ pertains to the culture of Barbados.
sheÄ±tao;â–¯ does â–¯ in their free time.
daobaq;â–¯ is a file.
seaqcÄ±afeÄ±;"â–¯ acts angrily because of not having sex; â–¯ is sexually unappeased."
Tá»§a dá»‰a láº£qcÄÄ± ba.;â€˜Turn the volume down.â€™
jÄ±odÄ±Ì„u;â–¯ is architecture.
KenÄ«atÅaq;â–¯ is (one of) the language(s) spoken in Kenya â€“ Republic of Kenya.
detoache;â–¯ is a poet.
BabÄdÅgÅ«a;â–¯ is the country Barbados.
SÄ±qgÄpÅ«rÄgÅ«a;â–¯ is the country Singapore â€“ Republic of Singapore.
kaqgÄÄ±kÄ«u;â–¯ is visible.
CoegÅ«aq;â–¯ pertains to the culture of United Kingdom â€“ United Kingdom of Great Britain and Northern Ireland.
gÄ±aqkaÄ±se;"â–¯ is a music score; â–¯ is a composition (written)."
KufaÄ±;â–¯ pertains to the culture of Kuwait â€“ State of Kuwait.
koÄ±koÄ±;â–¯ goes for a walk.
maqto;mammoth
luaqgo;the game of Go
ruoshaÄ±;â–¯ falls from grace.
SamÅagÅ«a;â–¯ is the country Samoa â€“ Independent State of Samoa.
pekÄ±aqshaÄ±;"â–¯ shaves; â–¯ (person) is shaved."
BelÄ“jÄ«;â–¯ pertains to the culture of Belgium â€“ Kingdom of Belgium.
saoteq;â–¯ buys â–¯ in bulk from â–¯.
jÄ±re;â–¯ is in relation â–¯/2 with me.
suaqgÄ±aq;"â–¯ is a song; â–¯ is an example of oral/vocal/â€˜a cappellaâ€™ music."
guco;â–¯ is neither, either, or both of â–¯ and â–¯.
gusa;â–¯ is at least one of â–¯ and â–¯.
RuaqdÄgÅ«a;â–¯ is the country Rwanda â€“ Republic of Rwanda.
BelÄ«jÄ“tÅaq;â–¯ is (one of) the language(s) spoken in Belize.
sÄ±asÄ±e;â–¯ is an empty sequence.
jÄ±qzÄ«;Property â–¯ is intrinsic to â–¯
kenÄ±q;"â–¯ is a kenning; â–¯ is to â–¯ as â–¯ is to â–¯ as â–¯ is to â–¯ etc.; â–¯ : â–¯ :: â–¯ : â–¯."
naochÄ«ohÅ«aÄ±mÅe;â–¯ feels as if they are repeatedly taking water in their hands, only to watch it consistently fall out (a specific type of frustration)
hake;"â–¯ is the result of applying the Ackermann function on arguments (â–¯, â–¯, â–¯); â–¯ = Ackermann(â–¯, â–¯, â–¯)."
ButÄq;â–¯ pertains to the culture of Bhutan â€“ Kingdom of Bhutan.
tÄ±gaq;â–¯ stays with â–¯ at â–¯.
duojÄ±aÄ±;"â–¯ runs their hand over â–¯; â–¯ pets or strokes â–¯."
gushe;"â–¯ allows â–¯ to happen given â–¯; â–¯ is what is needed to infer â–¯ from â–¯."
heqle;â–¯ is Greek or related to the â€˜Ode on a Grecian Urnâ€™.
hÄ±abuqko;apple
bufÅaqcÄ;"â–¯ annoys â–¯; â–¯ is annoying."
BelÄ“jÄ«gÅ«a;â–¯ is the country Belgium â€“ Kingdom of Belgium.
GuobÄsÄ;â–¯ is the Globasa language.
HelÄsÄ;â–¯ pertains to the culture of Greece â€“ Hellenic Republic.
buajÄ«omÄ“;â–¯ is a neighborhood.
saqjÃ…Â«e;â–¯ is March
saosÄo;colloq. â–¯ is huge, â–¯ is enormous, â–¯ is gigantic
soqjeo;"â–¯ jeoâ€™s â–¯ at its limit; â–¯ satisfies property â–¯ as much as feasible."
sepoe;"â–¯ has an independent outcome to â–¯; (â–¯ is free in â–¯)."
naqgÅ«osÅ;â–¯ is a bull.
puqtÅ;"separator: â€˜CONJâ€™; helper particle in forethought conjunctions: puqtÅ + conj â–¯ to â–¯ to â–¯ to â–¯... na."
teoq fáº£Ä± mu ká»§q(TFMK);â–¯ is a frequently asked question(FAQ)
haqloqbeo;Raw food â–¯ cooks, yielding cooked food â–¯. (Refers to food prepared by heating).
BenÄ«qtÅaq;â–¯ is (one of) the language(s) spoken in Benin â€“ Republic of Benin[i].
sheamuoq;"â–¯ is ether; â–¯ is the supposed element that constitutes the emptiness of outer space."
GeokÅaqnÄq;An old man.
BarÄÄ±nÄ«;â–¯ pertains to the culture of Bahrain â€“ Kingdom of Bahrain.
GanÄgÅ«a;â–¯ is the country Ghana â€“ Republic of Ghana.
mÄ± LuÄ±noaq;Reddit
soaÄ±ca;â–¯ emits rays â–¯.
toaÄ±shea;"â–¯ is a vacuum; â–¯ is a void."
huaqloÄ±;"â–¯ envies â–¯ for being more â–¯/1 than themselves; â–¯ is jealous for â–¯â€™s â–¯/1-ness."
joqhÄ±u;â–¯ is the Main.
muÄ±laÄ±;â–¯ is an ideogram, ideograph, logogram.
JamÄÄ±kÄgÅ«a;â–¯ is the country Jamaica.
nuofa;"â–¯ goes to bed; â–¯ goes to sleep."
saone;â–¯ is the physical size of â–¯
kuÄ±doa;â–¯ explains/gives reasons for why â–¯ is the case.
bochÄ“;â–¯ is an owner of â–¯
fekÄtÄ;â–¯ is a five (cards)
nuofÅ«alÄ«a;â–¯ is bedside / is beside a bed.
mÄ± Há»emÄÄ±;â–¯ is @solpahi.
LÄ±qteqtaÄ±gÅ«a;â–¯ is the country Liechtenstein â€“ Principality of Liechtenstein.
SuomÄ«gÅ«a;â–¯ is the country Finland â€“ Republic of Finland.
duode;graceful
muqjoe;dexterous
jao[kÄq]bÄ«u;â–¯ is a telescope.
rasÄ±;â–¯ = â–¯ Ã— â–¯.
nene;â–¯ is true in amount â–¯
barÄbÄ“q;â–¯ is a brussels sprout. (Brassica Oleracea Gemmifera)
po RÃ­sÅ ga tá»§oqnÄ“;â–¯ is Christmas.
GanÄtÅaq;â–¯ is (one of) the language(s) spoken in Ghana â€“ Republic of Ghana.
TurÅ«kÄ“tÅaq;â–¯ is (one of) the language(s) spoken in Turkey â€“ Republic of Turkey.
dÄ±paq;â–¯ = â–¯ / â–¯.
rÄ±qchaÄ±;â–¯ is green tea.
daoraq;"â–¯ links to â–¯ by means of â–¯; â–¯ references/points to â–¯ with â–¯."
gá»‰baje;â€˜pleaseâ€™
kuqnu;"â–¯ is said/alleged to be so; â–¯ allegedly (""so they say"") satisfies property â–¯."
SerÄ“bÄ«a;â–¯ pertains to the culture of Serbia â€“ Republic of Serbia.
sá»§Ä±lÄ«nÄ“;â–¯ is minimum amount of things that satisfy property â–¯
BolÄ«bÄ«atÅaq;â–¯ is (one of) the language(s) spoken in Bolivia â€“ Plurinational State of Bolivia.
tÄ±aofoa;â–¯ is (feels) satisfied (satisfaction).
AzÄ“bÄÄ±tÅaq;â–¯ is (one of) the language(s) spoken in Azerbaijan â€“ Republic of Azerbaijan.
SuerÄ«egÅ«a;â–¯ is the country Sweden â€“ Kingdom of Sweden.
comoq;â–¯ is a â€˜coâ€¦ moqâ€™ question.
fÄ±eqkuaÄ±ge;â–¯ inspires â–¯ to create â–¯.
loaÄ±rÄ«o(sÄÄ±);â–¯ is (a quantity of) Fluorine (element 9)
MajÄrÄ;â–¯ pertains to the culture of Hungary.
tuedea;â–¯ overthrows government â–¯.
mÄ±ehaqtu;â–¯ is a ghost that is alive.
UgÄqdÄ;â–¯ pertains to the culture of Uganda â€“ Republic of Uganda.
beaqme;â–¯ is a ladder.
huÄ±nua;â–¯ steals â–¯ from â–¯.
seaqbeaq;â–¯ is a phallus.
Háº» já»§oqcÄ hÃ¡ baq gá»‰ baq há»§Ä± da.;There's no such thing as a free lunch.
AqdÅrÄ;â–¯ pertains to the culture of Andorra â€“ Principality of Andorra.
hÄ±aotÅ«afÄÄ±;â–¯ is cruel towards â–¯.
AzÄ“bÄÄ±gÅ«a;â–¯ is the country Azerbaijan â€“ Republic of Azerbaijan.
NÄ±hÅq;â–¯ is Japanese / is of Japan, its languages or people.
reqdÄ±Ì„u;â–¯ is anthropology.
tunaqmubaÄ±puÄ±jeq;All men â–¯ are created equal, according to â–¯, by standard â–¯, by observer â–¯, under conditions â–¯, per volition of â–¯ not being able to comprehend the fact â–¯ that the word for â€˜manâ€™ â–¯ in their language â–¯ is the same as the word for â€˜humanâ€™ â–¯ [this place added for redundancyâ€™s sake], possibly (in alternate universe â–¯ by alternate universe model â–¯ against all odds â–¯) creating women â–¯ unequally by standard â–¯, which implies (for thinker â–¯) the prejudicial correctness of the starting statement (expressed in words â–¯ to audience â–¯ by means â–¯), this fact being ignored by â–¯ because of reasons â–¯, which, according to â–¯, is the best approach to take (out of all approaches â–¯ [set, not Â«roiÂ»], best by standard â–¯), allegedly (with â–¯ being in first person and â–¯ being the one whose words are cited) because (by causality â–¯) of the times â–¯ in which these words were spoken (by advocate or witness â–¯), in which (the uniqueness of this time being guaranteed by â–¯) women didnâ€™t exist by chauvinistic metaphysics â–¯ (chauvinistic by standard â–¯ and according to judge â–¯), coming close to the absurdity (as per â–¯, the perceiver thereof) of joke words â–¯ created for language â–¯ in order to put to shame (with agent â–¯) the idea of having property â–¯, or â–¯ being the case, despite the possible nuisance (for hypothetical (by standard â–¯) nuisance-ee â–¯) of this languageâ€™s creator â–¯, familiar with similar incidents â–¯ happening in analogous language communities â–¯ (analogous on the basis of relation â–¯ [binary Â«liÂ»]), assuming a basic understanding of predicate logic â–¯ with audience â–¯. [frame: JEO]
juqkea;â–¯ is a client machine.
gusÄ±a;â–¯ is neither of â–¯ or â–¯.
doqbÄ«dÄ“o(DBD);â–¯ is a GIF
Dehaq/GuqkoreagÅ«a;â–¯ is the country South Korea â†’ Korea, South.
joajoq;Sunday
sheaqshua;â–¯ collapses.
rÄ±oqdÄ±Ì„u;â–¯ is typology
EbÄ“tÅaq;â–¯ is the Ewe language (the Niger-Congo language, belonging to the Gbe family, spoken by the Ewe people).
gÄ±deq;"â–¯ can do â–¯ well; â–¯ has the ability to do â–¯."
deqgÄ±;â–¯ has the ability to do â–¯.
duojoe;â–¯ is graceful.
fÄ±achaq;Tuesday
suqtoa;"your point; what youâ€™re trying to say; what you mean."
guoqpÅq;â–¯ is an asshole
muqtoq;â–¯ is the palm of a hand.
rÄ±qshueq;â–¯ is ill-brewed green tea (characterised by a bitter aftertaste).
toaÄ±tue;"â–¯ is an activity; â–¯ is an event that can be brought about by accomplishing atomic sub-activities â–¯ (not necessarily ordered or heterogenous)."
HabÄcÄtÅaq;â–¯ is (one of) the language(s) spoken in Croatia â€“ Republic of Croatia.
logÄ±q;"â–¯ is the exponential function; â–¯ = e^ â–¯."
ToqgÄgÅ«a;â–¯ is the country Tonga â€“ Kingdom of Tonga.
NÄ±hÅqgÅ«a;â–¯ is Japan.
muÄ±chÅ«o;"predicate: 'argument'; â–¯ is an argument of predicate â–¯ filling place number â–¯ ."
soÄ±heo;â–¯ is against â–¯.
toaqmÅ«Ä± â–¯ cu â–¯ lÃº tá»aqmÅ«Ä± â–¯ hÃ³a â–¯;â–¯ is a (possible) translation to language â–¯ of expression â–¯ from language â–¯.
AqdÅrÄgÅ«a;â–¯ is the country Andorra â€“ Principality of Andorra.
Gá»‰ ba.;"generic expression of good wishes for the listener (â€˜May it be goodâ€™); or generic request (â€˜Please be good.â€™)"
joqhÅ«achÅ«oÄ±;â–¯ is a halter (a set of straps with a rope attached that you put an equine's head through so that you can steer it)
AcÄkÄ«gÅ«a;â–¯ is the country Artsakh â†’ Artsakh.
feoca;â–¯ is directed at â–¯.
hoedÄ«a;"Nullary predicate: The sun sets; there is a sunset"
reÄ±coe;â–¯ is wrapped around â–¯
muÄ±laÄ±me;â–¯ is a logographic writing system.
RahÄ«nÄ;â–¯ pertains to the culture of Ukraine.
lÄ±qgÅ«osÅ;â–¯ is a cow (female)
juÄ±shÄ±u;â–¯ is in the recent past of â–¯
poaqkÅ«aÄ±;â–¯ is brittle
bafÄq;"â–¯ should/ought to be the case; may â–¯ be the case!"
ykÅ;"â–¯ is the relation obtained by composing the relation â–¯ with itself N times, with N being the cardinality of anything satisfying property â–¯; the relation â–¯ is the N-th iterate or N-th relational power of the relation â–¯, N being the cardinality of anything satisfying property â–¯."
TunÄ“sÄ«agÅ«a;â–¯ is the country Tunisia â€“ Tunisian Republic.
muoqshÄ±;â–¯ is homogenous.
sarÄÄ±;"There exists something that satisfies property â–¯; âˆƒx.â–¯â€˜x"
nuÄ±muÄ±;â–¯ is the definition of â–¯.
KanÄdÄtÅaq;â–¯ is (one of) the language(s) spoken in Canada[k].
toaqtoaq;â–¯ is Toaq.
faqshu;"â–¯ is the result of applying function â–¯ to â–¯; â–¯ = â–¯â€˜â–¯."
AzÄ“bÄÄ±;â–¯ pertains to the culture of Azerbaijan â€“ Republic of Azerbaijan.
sykÄ«;"â–¯ experiences/feels/lives by a striving for (and, if achieved, the serenity resulting from) a delicate but sustained balance of the following personal states/ideals: a calm appreciation for, and acceptance of, those aspects of oneâ€™s life/existence that cannot be controlled/avoided (e.g., death, pain, loss, misfortune, etc.), due to understanding that such things are necessary to have a true appreciation for the value of lifeâ€™s joys; being able to identify/recognize opportunities to improve oneâ€™s chances for happiness/achievement/self-esteem and having the willingness and determination to pursue such opportunities as long as doing so causes no harm to others or to Nature; a deep appreciation and sense of wonder at the beauty and majesty of Nature; a deep appreciation and sense of pride in those achievements of humankind that have brought happiness, prosperity and well-being to peopleâ€™s lives, while at the same time having a keen ability to distinguish the difference between those achievements which have truly benefited humankind versus those seeming achievements which are ultimately divisive, alienating, anxiety-causing or destructive in the long-term; a sense of personal reward, pride, and personal sanction (i.e., a feeling that oneâ€™s existence is justified) when experiencing joy in oneâ€™s life; joy from, and humble appreciation for, the giving and receiving of love to/from others; humbleness in understanding that oneâ€™s own joy and sense of personal sanction/reward for achieving oneâ€™s goals/desires is a private, personal matter not to be used arrogantly as a weapon against the self-esteem of other people."
hÄ±oqruo;â–¯ is audacious in their â–¯-ness.
á»·o;oof, ouch, ow
DÄ±nÄ“;â–¯ pertains to the Navajo/DinÃ© culture.
moekuaq;â–¯ expresses emotion â–¯.
JuesÄ“Ä±;â–¯ pertains to the culture of United States â€“ United States of America.
laochoa;â–¯ stutters/hesitates.
nÄ±aÄ±dÄ±Ì„u;â–¯ is zoology.
PasÄtÄÄ±;â–¯ pertains to the culture of Thailand â€“ Kingdom of Thailand.
hoqka;â–¯ is true by virtue of â–¯ ka-saying so.
BenÄ«qgÅ«a;â–¯ is the country Benin â€“ Republic of Benin[i].
gÄ±otÄ±e;â–¯ is opaque.
KotÄ«bÅ«arÄ“;â–¯ pertains to the culture of CÃ´te d'Ivoire â†’ Ivory Coast.
KotÄ«bÅ«arÄ“gÅ«a;â–¯ is the country CÃ´te d'Ivoire â†’ Ivory Coast.
laqlÄ“oq;â–¯ are earplugs/earmuffs/anything used to protect he ears from excessive and or unwanted noise
ruaÄ±kÄtÄ;â–¯ is a jack (cards)
SakaqgÅ«a;â–¯ is the country Georgia.
gaqtao;"â–¯ takes part in â–¯; â–¯ participates in â–¯."
neaqxÄÄ±;â–¯ is a coarse grained material
semÄ“;â–¯ is a collection of results of â–¯, â–¯ is the butterfly effect of performing action â–¯
seaqhua;â–¯ are genitals, reproductive organs.
neÄ±kÄtÄ;â–¯ is a nine (cards)
pekÄ±aqnua;"â–¯ shaves; â–¯ shaves facial hair â–¯ off (person) â–¯."
guqjeoq;"predicate: â€˜bowlâ€™; â–¯ is a bowl (shape)"
KubÄgÅ«a;â–¯ is the country Cuba â€“ Republic of Cuba.
gÄ±otÄ±ca;â–¯ illuminates object/space â–¯.
hÄ±rÄ±sÄ±;IRC
kÄ±oq'aÄ±;â–¯ is rounded.
BÄ±enÄq;â–¯ pertains to the culture of Vietnam â€“ Socialist Republic of Vietnam.
AfÄgÄqgÅ«a;â–¯ is the country Afghanistan â€“ Islamic Republic of Afghanistan.
teÄ±laÄ±;â–¯ is a punctuation mark signifying â–¯.
ShuÄ±cÄ«;â–¯ pertains to the culture of Switzerland â€“ Swiss Confederation.
ZÄ±qbÄbÅ«e;â–¯ pertains to the culture of Zimbabwe â€“ Republic of Zimbabwe.
mamoq;â–¯ is a â€˜maâ€¦ moqâ€™ (yesâ€“no) question.
PerÅ«gÅ«a;â–¯ is the country Peru â€“ Republic of Peru.
faolaÄ±;full stop, period (.)
jÄ±aojÄ±e;"â–¯ has â–¯ as their god; â–¯ believes in god â–¯."
dumaÄ±;â–¯ shows affection towards not â–¯ themselves, but their image â–¯ (set of p-ties).
muÄ±doa;â–¯ explains fact â–¯ to â–¯.
turaÄ±;"Everything satisfies property â–¯; âˆ€x.â–¯â€˜x"
boshaÄ±;"predicate: â€˜loseâ€™; â–¯ loses â–¯."
LebaqtÅaq;â–¯ is (one of) the language(s) spoken in Lebanon â€“ Lebanese Republic.
hÄ±eâ€™Ä“kÅ«;â–¯ is a hippopotamus.
UsÅnÄtÅaq;â–¯ is (one of) the language(s) spoken in United States â€“ United States of America.
shÄ±tÅaq;â–¯ is an idiolect
cheoqbÄ“;â–¯ is a milk bottle used to feed babies/infants.
lÄ±ajeo;"â–¯ is parallel to â–¯; â–¯ and â–¯ score differently on scale (property) â–¯, but the same on all other scales in set â–¯."
KoqgÅgÅ«a;â–¯ is the country Congo, Republic of the[q].
seoqtÅ«edÄ±Ì„u;â–¯ is meteorology.
Sá»‰ ba.;Hey!
fuqsÄÄ±;â–¯ is cloth/fabric/textile.
AqdÅrÄtÅaq;â–¯ is (one of) the language(s) spoken in Andorra â€“ Principality of Andorra.
jeoko;"Exactly one of â–¯, â–¯, â–¯â€¦ is the case; â–¯ â©¡ â–¯ â©¡ â–¯Â â©¡Â â€¦"
SomÄlÄ«agÅ«a;â–¯ is the country Somalia â€“ Federal Republic of Somalia.
BatÄ«kÄqgÅ«a;â–¯ is the country Vatican City â€“ Vatican City State.
doemÄ±q;#miqdoe
basÅ«e;I ask you to make it so that â–¯ happens.
jÄ±amÄ«q;â–¯ will always be the case
moÄ±baq;â–¯ is a mind.
sÄ±ebaq;"â–¯ is a list; â–¯ is a sequential collection of things that satisfy the property â–¯."
paqceo;â–¯ resumes doing â–¯ for a moment (â–¯ resumes) [Lojban Â«diâ€™aÂ»].
BelÄ«jÄ“;â–¯ pertains to the culture of Belize.
anÄ«gÅ«aq;â–¯ is a desert.
PasÄtÄÄ±gÅ«a;â–¯ is the country Thailand â€“ Kingdom of Thailand.
Chosoq/gaokoreatÅaq;â–¯ is (one of) the language(s) spoken in North Korea â†’ Korea, North.
nÄ±toaq;"â–¯ is the language this utterance is in; â–¯ is Toaq."
chÄ±cÄ±a;"â–¯ is skeptical of â–¯; â–¯ canâ€™t believe â–¯."
Sakaq;â–¯ pertains to the culture of Georgia.
seaqkÄ“a;â–¯ is a sex toy
sÄ±apuÄ±;â–¯ is zero in number [by @solpahi].
hÄ±hÄ«;"onomatopoeia: laughter; â–¯ is the sound of laughter."
KÄ±rÄ«bÄtÄ«gÅ«a;â–¯ is the country Kiribati â€“ Republic of Kiribati.
soÄ±jeq;"â–¯ supports â–¯; â–¯ is on â–¯â€™s side; â–¯ is for â–¯."
gaojÄ±aÄ±;â–¯ reaches up to grab â–¯
jÄ±urÄ±aq;"â–¯ is where â–¯ was born; â–¯ is â–¯'s birthplace."
haqra;â–¯, but not â–¯, satisfies property â–¯.
PolÄqtÅaq;â–¯ is (one of) the language(s) spoken in Poland â€“ Republic of Poland.
budÅ«e;This sentence is not an answer to the preceding question.
majeo;"â–¯ is the indirect question of: whether â–¯ is true [dyadic]; â–¯ is the indirect question of: whether â–¯ has pâ€™ty â–¯ [triadic]."
UgÄqdÄgÅ«a;â–¯ is the country Uganda â€“ Republic of Uganda.
PuÄ±pÅqdÅ«q;â–¯ is popular among â–¯
gÄ±otÄ±cÄ±a;"â–¯ is unilluminated; â–¯ is not lit by anything."
PasÄtÄÄ±tÅaq;â–¯ is (one of) the language(s) spoken in Thailand â€“ Kingdom of Thailand.
RahÄ«nÄtÅaq;â–¯ is (one of) the language(s) spoken in Ukraine.
laÄ±kÅekÄ“a;â–¯ is a keyboard
Shá»e bá»§Ä± hÄ± rÃ¡Ä± kÃºnÄ“ moq.;â€˜Who let the dogs out?â€™
ShuÄ±cÄ«tÅaq;â–¯ is (one of) the language(s) spoken in Switzerland â€“ Swiss Confederation.
geqsoa;â–¯ introduces â–¯ to â–¯
SomÄlÄ«atÅaq;â–¯ is (one of) the language(s) spoken in Somalia â€“ Federal Republic of Somalia.
ItÄlÄ«agÅ«a;â–¯ is the country Italy â€“ Italian Republic.
doecaqche;administrator, maintainer, technician, supporter
IqdÅnÄ“sÄ«a;â–¯ pertains to the culture of Indonesia â€“ Republic of Indonesia.
seaqrÄ±oqnÄ±e;â–¯ conforms to the binaricity of gender.
soÄ±lÅ«aq;â–¯ competes with â–¯ to see in satisfying property/to see who satisfies property â–¯
TaÄ±bÄqgÅ«a;â–¯ is the country Taiwan (Republic of China) â†’ Taiwan.
ceochaq;Monday
hÄ±uxÄ“kÅ«;â–¯ is a member of genus Hippopotamus.
nÄ±aqjÅ«ehÅemÄ«ao;â–¯ is a lunisolar calendar. (a calendar that tracks both the movement of the Moon around the Earth and the Earth around the Sun)
nÄ±okoaq;"young adult; adolescent; teenager"
ZaqbÄ«atÅaq;â–¯ is (one of) the language(s) spoken in Zambia â€“ Republic of Zambia.
Háº» ráº£qmÅÄ± hÃ¡ baq bá»§ gáº£Ä±kÄ«u da.;Absence makes the heart grow fonder.
lucÄqdÄ«;â–¯ has jurisdiction over state of affairs â–¯
suaqkuqse;â–¯ are the lyrics to song â–¯.
mÄ± Pá»hÄ Lá»‰qnÄ“oq;â–¯ is the Notre Dame cathedral.
seushÈ³lÄÄ±;â–¯ is a PIN
naqbÄkÄ;â–¯ is a bull.
SuerÄ«etÅaq;â–¯ is (one of) the language(s) spoken in Sweden â€“ Kingdom of Sweden.
juaomea;"â–¯ conforms to rule â–¯; â–¯ is right under rule â–¯; â–¯ is mandated by rule â–¯."
nÄ±toaqtua;"â–¯ imports â–¯ into Toaq as â–¯; â–¯ translates â–¯ into Toaq â–¯."
taÄ±seq;â–¯ is a type-setting of textual material â–¯ that follows typesetting principles, guidelines, stylistic choices, or restraints â–¯.
kafÈ³kÄ-ÄÄ±;â–¯ is Kafkaesque.
mÄ±edua;"â–¯ is savoir-vivre; â–¯ is good manners."
AqgÅlÄgÅ«a;â–¯ is the country Angola â€“ Republic of Angola.
mÄ±uteoq;â–¯ is a poll towards â–¯ (group) about â–¯/1.
shaohÄ±aq;â–¯ is lazy.
metoa;compound (e.g., toamÄ“)
HaÄ±tÄ±tÅaq;â–¯ is (one of) the language(s) spoken in Haiti â€“ Republic of Haiti.
duomuoq;â–¯ is a fluid.
koesuaÄ±duÄ±;hasty
KosofogÅ«a;â–¯ is the country Kosovo â†’ Kosovo.
HabÄcÄgÅ«a;â–¯ is the country Croatia â€“ Republic of Croatia.
KenÄ«agÅ«a;â–¯ is the country Kenya â€“ Republic of Kenya.
LÄ±qteqtaÄ±;â–¯ pertains to the culture of Liechtenstein â€“ Principality of Liechtenstein.
muÄ±gÄ±;"â–¯ is positive in meaning; â–¯ has positive connotations â–¯."
NabÄ“hÅ;â–¯ pertains to the Navajo/DinÃ© culture.
jeotÄ±chÄ±o;In/at â–¯, there are â–¯ (number) of â–¯/1-ers.
jÄ±qshÄ±;â–¯ is an entity.
IrÄnÄ«gÅ«a;â–¯ is the country Iran â€“ Islamic Republic of Iran.
ChÄ±lÄ“gÅ«a;â–¯ is the country Chile â€“ Republic of Chile.
ItÄlÄ«atÅaq;â–¯ is (one of) the language(s) spoken in Italy â€“ Italian Republic.
rÄ±utÅ«a;â–¯ resets â–¯
pesojoq;â–¯ is a penis head
chuchaq;Wednesday
SaodÄ«gÅ«a;â–¯ is the country Saudi Arabia â€“ Kingdom of Saudi Arabia.
heoruo;"â–¯ pretends to be â–¯/1; â–¯ acts as â–¯/1."
BosÅ«anÄtÅaq;â–¯ is (one of) the language(s) spoken in Botswana â€“ Republic of Botswana.
AgÄ“qtÄ«nÄtÅaq;â–¯ is (one of) the language(s) spoken in Argentina â€“ Argentine Republic[g].
laqbÄ«o;â–¯ is a bell.
sheÄ±chaq;Sunday
foaqfÅ«anÅ«o;â–¯ is a pillow.
gÄ±otÄ±;â–¯ (object/space) is illuminated.
BarÄjÄ«ugÅ«a;â–¯ is the country Brazil â€“ Federative Republic of Brazil.
MehÄ«kÅtÅaq;â–¯ is (one of) the language(s) spoken in Mexico â€“ United Mexican States.
laolaÄ±;ellipsis (â€¦)
mÄ± Gáº£Ä±;'The Visionaries': names the group that will usher in a new age of Toaqic utopia
bÄ±aobÄ±a;â–¯ is drunk.
joadÄ±aÄ±;Sunday
chÄ±sÄ±a;â–¯ is skeptical (in general).
sÄ±araÄ±;"Nothing satisfies property â–¯; âˆ„x.â–¯â€˜x"
HelÄsÄtÅaq;â–¯ is (one of) the language(s) spoken in Greece â€“ Hellenic Republic.
ChÄ±lÄ“;â–¯ pertains to the culture of Chile â€“ Republic of Chile.
duadÄ±Ì„u;â–¯ is epistemology.
doajuq;receive
JemÄ“qtÅaq;â–¯ is (one of) the language(s) spoken in Yemen â€“ Republic of Yemen.
LagÄ“rÄ«atÅaq;â–¯ is (one of) the language(s) spoken in Algeria â€“ People's Democratic Republic of Algeria.
HabÄcÄ;â–¯ pertains to the culture of Croatia â€“ Republic of Croatia.
gÄ±usao;"â–¯ is wide; â–¯ is fat; â–¯ is improportionately long in a direction perpendicular to the main line along which the object is considered."
mÄ± ShÄ±pÄ±o;Einstein
BenÄ“jÅ«elÄtÅaq;â–¯ is (one of) the language(s) spoken in Venezuela â€“ Bolivarian Republic of Venezuela.
chealÄÄ±cÄ±a;â–¯ is written with sparse tone marking. Omits diacritics for tones 1 and 4.
RahÄ«nÄgÅ«a;â–¯ is the country Ukraine.
chaÄ±bÄ±o;â–¯ is a teapot.
nesÄ±e;"Sequence â–¯ is sorted by property â–¯; an element in sequence â–¯ comes earlier if it scores higher on scale â–¯."
ZÄ±qbÄbÅ«etÅaq;â–¯ is (one of) the language(s) spoken in Zimbabwe â€“ Republic of Zimbabwe.
BahÄmÄ;â–¯ pertains to the culture of The Bahamas â†’ Bahamas, The.
toaqcha;"â–¯ is the Toaq (Dzu) Way; â–¯ is how itâ€™s done in Toaq."
puqchÄ±o;"â–¯ occurs repeatedly; â–¯ takes place several times."
jualuaÄ±;â–¯ is absurd, grotesque, ridiculous, ludicrous.
mÄ± Máº»otÅaq;Lojban
suqpoÄ±;â–¯ is an event in which you are x1.
RasÄ«ytÅaq;â–¯ is (one of) the language(s) spoken in Russia â€“ Russian Federation.
feqbÄ±haq;â–¯ talks about others using excessive verbiage while using the phrase â€˜excessive verbiageâ€™ themselves, which is excessive and verbiage.
taobuca;â–¯ does â–¯ by accident, unintentionally.
laqlaq;â–¯ is a famous male pianist.
kefu;kefir
AqtÄ«gÅ«arÅÄ±bÄbÅ«dÄtÅaq;â–¯ is (one of) the language(s) spoken in Antigua and Barbuda.
HaÄ±tÄ±gÅ«a;â–¯ is the country Haiti â€“ Republic of Haiti.
jeÄ±chÄ±aq;â–¯ recognises (recognizes) â–¯.
suaÄ±peq;â–¯ is a reference sheet
oqsÄ«sÄÄ±;â–¯ is (a quantity of) Oxygen (element 8).
muoqtoaÄ±;â–¯ is an atom.
nÄ±orÅeSUBMIT;â–¯ manifests youth vigor.
JemÄ“q;â–¯ pertains to the culture of Yemen â€“ Republic of Yemen.
churÄ±e;â–¯ is halfway between point â–¯ and point â–¯.
mÄ±gÄ±q;â–¯ = â–¯ - â–¯.
IqlÄqtÅaq;â–¯ is the English language.
nÄ±oqdÄ±Ì„u;â–¯is dentistry
kaÄ±fÄ±eq;"â–¯ writes â–¯; â–¯ is a writer."
HelÄsÄgÅ«a;â–¯ is the country Greece â€“ Hellenic Republic.
tÄ±oqtÄ«aÄ±;â–¯ is a vault/safe
huakÅ«aq;â–¯ expresses/gestures property â–¯
sheÄ±taomÄ±a;â–¯ is a hobby of â–¯â€™s.
Ká»§aq ka.;elliptical performative
laÄ±cÄ±a;â–¯ is written with sparse tone marking. Omits diacritics for tones 1 and 4.
MajÄrÄtÅaq;â–¯ is (one of) the language(s) spoken in Hungary.
SerÄ“bÄ«atÅaq;â–¯ is (one of) the language(s) spoken in Serbia â€“ Republic of Serbia.
pÄ±edoa;"â–¯ adds to beverage â–¯ supplement â–¯; â–¯ sugars/milks/cinnamons/butters beverage â–¯."
dÄ±gÄ±q;â–¯ = 1/ â–¯.
ToaqgÅ«a;â–¯ is Toaqistan.
cÄ±oÄ±bÄ“aq;â–¯ is a mortar
joajo;Thursday
Já»§oq bá»§ há»§Ä±mÄ«u baq bá»§ má»‰q gá»‰ hÃ¡ da.;People who live in glass houses should not throw stones.
nÄ±aqchÄq;â–¯ is the anniversary of â–¯
tÄ±udÄ«utÅaq;â–¯ is a logical language.
O(sÈ³)tÄ“rÄÄ±gÅ«a;â–¯ is the country Austria â€“ Republic of Austria.
shetuq;"â–¯ iff â–¯; â–¯ is the case if and only if â–¯ is the case."
toaguÄ±;serial (e.g., dá»§q gá»§ai)
nukuq;"â–¯ says like this: â–¯ to â–¯; â–¯ says â–¯ non-verbatim to â–¯."
sÄ±eshÄ±;â–¯ is the head of sequence â–¯.
IrÄnÄ«tÅaq;â–¯ is (one of) the language(s) spoken in Iran â€“ Islamic Republic of Iran.
kuxÄÄ±;"'orientation'; â–¯Ê¼s orientation in aspect/relevant to property â–¯  is described by property â–¯"
JamÄÄ±kÄ;â–¯ pertains to the culture of Jamaica.
dÄ±ochÅ«bÄ«e;â–¯ is an afternoon.
RuaqdÄtÅaq;â–¯ is (one of) the language(s) spoken in Rwanda â€“ Republic of Rwanda.
shebÄqsÄ«â€™Ä“kÅ«;â–¯ is a Przewalski's horse (Equus ferus przewalskii).
BufÄ«eqfÅ«aqgÅalÄÄ±;â–¯ is uncharted according to â–¯
GuatÄ“mÄlÄ;â–¯ pertains to the culture of Guatemala â€“ Republic of Guatemala.
LaqfÄ±agÅ«a;â–¯ is the country Latvia â€“ Republic of Latvia.
ToqgÄtÅaq;â–¯ is (one of) the language(s) spoken in Tonga â€“ Kingdom of Tonga.
cajoÄ±;â–¯ happens for purpose â–¯
maÄ±bÄ±a;â–¯ is in love with â–¯.
jeoduaÄ±doa;â–¯ proves that â–¯ must be the case.
KanÄdÄ;"predicate: 'Canadian'; â–¯ is Canadian/pertains to Canada."
cutÄ±e;"â–¯ stands on, blocks, obtrudes the path between â–¯ and â–¯;"
BosÅ«anÄ;â–¯ pertains to the culture of Botswana â€“ Republic of Botswana.
LÄ±etufagÅ«a;â–¯ is the country Lithuania â€“ Republic of Lithuania.
mÄ± Gá»§aqgÅ«aÄ±;â–¯ is George.
shÄ±udua;â–¯ predicts that â–¯ will happen.
bubu;"â–¯ is not not the case; It's not the case that â–¯ isn't the case; â–¯ indeed is the case."
bushebu;"â–¯ has â–¯ as a necessary, but not necessarily sufficient condition; For â–¯, â–¯ must happen."
chuaqraq;"â–¯ is â–¯-istic; â–¯ displays properties of the ideology â–¯ (= chuaq.2)."
ceoluÄ±;"â–¯ has begun to be the case and still is the case; â–¯ has been and is the case. [JEO]"
DoÄ±chÄ“;â–¯ is German / of Germany, its languages or people.
guÄ±toa;serial (e.g., dá»§q gá»§ai)
laqko;â–¯ carries the X-th tone â–¯, where X is the cardinality of any â–¯-er.
shuashoe;"â–¯ lets â–¯ fall on â–¯; â–¯ drops â–¯ onto/into â–¯ from â–¯."
Tá»‰jÄÄ± jÃ­ sÃºq da.;Welcome!
haqsÅ«e;â–¯ orders/requests dish â–¯
maÄ±paÄ±;â–¯ is â–¯â€™s loved one.
joashÄ±;Monday
keqsÄ±a;[Metapredicate to be used as a head of a serial:] the following word/s is/are to be interpreted as a native compound rather than a sequence of foreign sounds.
raÄ±fÅa;â–¯ is a feeling (emotional)
foaqfÅ«a;â–¯ is a cushion.
foacÄ±a;"â–¯ doesnâ€™t feel good or bad; â–¯ doesnâ€™t feel in any way in particular."
pÄ±qduo;â–¯ rubs (intransitive), is rubbed against â–¯.
shÄ±lÄ±;"There exists exactly one â–¯-er;Â âˆƒ!x.P(x)"
SomÄlÄ«a;â–¯ pertains to the culture of Somalia â€“ Federal Republic of Somalia.
SepÄ“rÄqtÅ;â–¯ is Esperantic / is of Esperanto, its culture or speakers.
pocÄ±a;â–¯ lacks/is without â–¯.
EsÄ“pÄnÄ«agÅ«a;â–¯ is the country Spain â€“ Kingdom of Spain.
teoqlaÄ±;question mark, interrogation point (?)
mÄ± Há»echÅqgÄ«;â–¯ is (the one called) Useful to the Sun.
caqduaÄ±;â–¯ is responsible for satisfying property â–¯
Ã¢;"realization, ""aha!"""
juy;â–¯ is the same as â–¯ in the sense that the same things do â–¯ to each of them
EbÄ“;â–¯ is of or pertaining to the Ewe people or language.
Chosoq/gaokorea;â–¯ pertains to the culture of North Korea â†’ Korea, North.
molaÄ±;"quotation mark ("" ' Â«)"
PanÄmÄtÅaq;â–¯ is (one of) the language(s) spoken in Panama â€“ Republic of Panama.
nuÄ±hoe;â–¯ is a photon.
rÄ±u rá»e;"predicate: â€˜recoverâ€™; â–¯ recovers"
ToqgÄ;â–¯ pertains to the culture of Tonga â€“ Kingdom of Tonga.
SuomÄ«;â–¯ pertains to the culture of Finland â€“ Republic of Finland.
arÄnÄ“;â–¯ is a spider.
PerÅ«;â–¯ pertains to the culture of Peru â€“ Republic of Peru.
choakÄ±u;utterable, â–¯ is able to utter â–¯
HajÄtÄq;â–¯ is Armenia.
ErÄ«etÅaq;â–¯ is (one of) the language(s) spoken in Ireland[25].
soaonao;â–¯ is sweat.
FarÄqsÄ“;â–¯ is French / is of France, its languages or people.
hÄ±qgÄ±q;"â–¯ is such that the function â–¯ at that point yields â–¯ (default: 0); â–¯ is such that function â–¯ vanishes at that point."
pesÅxÄÄ±;â–¯ is phallic
luaÄ±toa;â–¯ is a joke word.
Lebaq;â–¯ pertains to the culture of Lebanon â€“ Lebanese Republic.
nÄ±guaq;â–¯ is the planet Earthâ€¦
za;â–¯ checks that  â–¯  is the case.
muoqpuq;#muoqpui
bÄ±ekÄo;â–¯ is a will
jÄ±gÄ±;"â–¯ is done with me as the beneficient; â–¯ is done for me."
OsÈ³rÄ“Ä±lÄ«a;â–¯ pertains to the culture of Australia â€“ Commonwealth of Australia.
SÄ±qgÄpÅ«rÄ;â–¯ pertains to the culture of Singapore â€“ Republic of Singapore.
lÄ±qrÅ«o;â–¯ is feminine.
puoxÄÄ±;â–¯ is a fine grained material
TaqjÄnÄ«atÅaq;â–¯ is (one of) the language(s) spoken in Tanzania â€“ United Republic of Tanzania.
BatÄ«kÄq;â–¯ pertains to the culture of Vatican City â€“ Vatican City State.
chÄ«eguaÄ±;â–¯ Ä±s a scholar/intellectual studying â–¯.
SÄ±rÄ«a;â–¯ pertains to the culture of Syria â€“ Syrian Arab Republic.
baqjÄ“o;"â–¯ is a property that typical things which satisfy property â–¯ satisfy; â–¯ is a â–¯-er-y thing to do/be."
SamÅatÅaq;â–¯ is (one of) the language(s) spoken in Samoa â€“ Independent State of Samoa.
AfÄgÄqtÅaq;â–¯ is (one of) the language(s) spoken in Afghanistan â€“ Islamic Republic of Afghanistan.
huÄ±loaq;â–¯ is a badass.
shuhoÄ±;last word quoted with #shu
SenÄ“gÄlÄtÅaq;â–¯ is (one of) the language(s) spoken in Senegal â€“ Republic of Senegal.
heÄ±kÄtÄ;â–¯ is a ten (cards)
sagÄ±q;â–¯ = - â–¯.
cÄ±kÄtÄ;â–¯ is a six (cards)
bÄ±utÅaÄ±haq;â–¯ is a bagel/donut
ledua;â–¯ guesses/loosely assumes/kind of knows that â–¯.
KubÄ;â–¯ pertains to the culture of Cuba â€“ Republic of Cuba.
tÄ±aofoatua;â–¯ appeases â–¯.
LebaqgÅ«a;â–¯ is the country Lebanon â€“ Lebanese Republic.
sÄ±eshue;â–¯ is the tail of sequence â–¯.
MehÄ«kÅ;â–¯ pertains to the culture of Mexico â€“ United Mexican States.
MÃ­ Bá»§;False [boolean value]
pojeo;"â–¯ (person) is right; â–¯ a raison."
suqgÄ±;"â–¯ is done with you as the beneficient; â–¯ is done for you."
naqsÄ±ulÄ±q;â–¯ is a butch, a male-seeming female.
cÄ±hea;â–¯ is a die, a dice, dice.
FÄ«eqfÅ«aqgÅ«olÄÄ±;â–¯ is a space that was mapped / charted by â–¯
heomÄ±u;"â–¯ is an act of hypocrisy; â–¯ is hypocritical in doing â–¯."
doÄ±dÅÄ±;â–¯ mimics â–¯ for their own enjoyment, â–¯ mocks â–¯.
mÄ±oÄ±;predicate: null/no meaning, fills in a blank spot with no meaning, verbal form of â–¯.
BatÄ«kÄqtÅaq;â–¯ is (one of) the language(s) spoken in Vatican City â€“ Vatican City State.
nahÄ±;"â–¯ is neither the case nor not the case; â–¯ neither satisfies nor not satisfies property â–¯."
ShuÄ±cÄ«gÅ«a;â–¯ is the country Switzerland â€“ Swiss Confederation.
shaomoe;â–¯ is willing to do â–¯.
sÄ±echaq;Thursday
detoa;â–¯ is poetry.
jÄ±aodÄ±Ì„u;â–¯ is theology.
ShÄ±chÄ«pÄ“gÅ«a;â–¯ is the country Albania â€“ Republic of Albania.
Bá»§ tÃ»q sa shá»‰ lÃ® sá»§atÄo sÃºq ba.;Don't put all your eggs in one basket.
peocÅe;â–¯ is fastened to â–¯by means of penetration
ButÄqtÅaq;â–¯ is (one of) the language(s) spoken in Bhutan â€“ Kingdom of Bhutan.
PerÅ«tÅaq;â–¯ is (one of) the language(s) spoken in Peru â€“ Republic of Peru.
puaobÄ±u;"â–¯ is specifically the character ğŸŒª (U+1F32A CLOUD WITH TORNADO; `:cloud_tornado:`)."
gÄ±oca;"â–¯ emits light â–¯; â–¯ shines with light â–¯."
rÄ±arÄ«aq;"'square'; â–¯ is an open area within a town, typically enclosed by buildings"
poqmea;"â–¯ is social in group â–¯; â–¯ socialises in â–¯."
Kosofo;â–¯ pertains to the culture of Kosovo â†’ Kosovo.
kaÄ±shÈ³;â–¯ authorizes/allows â–¯ by writing something
gÄ±aqshÅ«aq;â–¯ plays music â–¯ using instrument(s) â–¯
dedoa;â–¯ beautifies/adorns/decorates/polishes/dandifies/ornates â–¯ by making it a â–¯-er.
LagÄ“rÄ«agÅ«a;â–¯ is the country Algeria â€“ People's Democratic Republic of Algeria.
MajÄrÄgÅ«a;â–¯ is the country Hungary.
moetuaÄ±;â–¯ is a spirit, soul of â–¯.
Ã¹e;expression of surprise, with overtones of disagreement or protest
seaqcheo;â–¯ have an orgy.
mohoÄ±;last #mo-quote
BanÅ«atÅ«;â–¯ pertains to the culture of Vanuatu â€“ Republic of Vanuatu.
kabÅsÄÄ±;â–¯ is (a quantity of) Carbon (element 6)
shaomÄ±a;â–¯ is eager.
goha;the game of Go
taqtÅ«a;â–¯ make themselves satisfy property â–¯.
faofaÄ±toaÄ±;â–¯ is a common transformative complex-forming suffix.
peolaÄ±;hyphen, dash (â€“)
hashÄ±dao;â–¯ is a hash-tag.
ZaÄ±chÄ“;â–¯ is an Esperantist.
kuonoqsÄÄ±;â–¯_ is pepper
suaosÅq;â–¯ is a priority
sÄ±eqgÄ±q;disappointed
SuomÄ«tÅaq;â–¯ is (one of) the language(s) spoken in Finland â€“ Republic of Finland.
BolÄ«bÄ«a;â–¯ pertains to the culture of Bolivia â€“ Plurinational State of Bolivia.
mÄ± Punoaq;Reddit
nÄ±qpaq;â–¯ is an addition to â–¯.
maxÄ«;â–¯ is romantic.
AgÄ“qtÄ«nÄ;â–¯ pertains to the culture of Argentina â€“ Argentine Republic[g].
lÄ±qbÄkÄ;â–¯ is a cow.
loqhaq;"â–¯ is cooked; â–¯ is food prepared by heating."
raqkuqsue;"â–¯ asks â–¯ to comment on â–¯; â–¯ makes a Request For Comments; abbrev. rks."
Dehaq/GuqkoreatÅaq;â–¯ is (one of) the language(s) spoken in South Korea â†’ Korea, South.
EsÄ“pÄnÄ«a;â–¯ pertains to the culture of Spain â€“ Kingdom of Spain.
mÄ±umÄ±eq;"â–¯ polls â–¯ (people) about â–¯/1; â–¯ collects opinions of all of â–¯ about â–¯/1."
shÄ±ukÄ«e;â–¯ thanks â–¯ in advance for satisfying property â–¯
AqgÅlÄ;â–¯ pertains to the culture of Angola â€“ Republic of Angola.
buÄ±cÄ“;â–¯ is an exit
gÄ±a'Ä“kÅ«;â–¯ is a zebra.
hÄ±oqkuq;â–¯ brags about â–¯.
rÄ±aqnua;"â–¯ is the result of substituting â–¯ for â–¯ into â–¯; â–¯ = [â–¯ â†’ â–¯](â–¯)."
TurÅ«kÄ“;â–¯ pertains to the culture of Turkey â€“ Republic of Turkey.
tuÄ±mÄrÄ;â–¯ is a couch.
depaq;"â–¯ is an ornament to â–¯; â–¯ decorates/ornates (intransitive sense) â–¯."
GuatÄ“mÄlÄgÅ«a;â–¯ is the country Guatemala â€“ Republic of Guatemala.
O(sÈ³)tÄ“rÄÄ±tÅaq;â–¯ is (one of) the language(s) spoken in Austria â€“ Republic of Austria.
BarÄjÄ«u;â–¯ pertains to the culture of Brazil â€“ Federative Republic of Brazil.
nÄ±qsÄÄ±;â–¯ is (a quantity of) Neon (element 10)
lemuo;"â–¯ is sure to occur; â–¯ is bound to take place/be the case."
aÄ±pÄ«;â–¯ is a faerie/fairy, an elf or an imp, or a brownie.
salamÄ±;â–¯ is a salami
jeorÄ«oÄ±;"â–¯ is the case instead of â–¯ being the case; â–¯ instead of â–¯ satisfies property â–¯"
haosÄ«a;â–¯ sits around and does nothing
jÄ±aogÅafÅ«aq;â–¯ is an idol
keqsa;[Metapredicate to be used as a head of a serial:] the following word/s is/are to be interpreted as a sequence of foreign sounds rather than a native compound.
joasaq;Wednesday
taohÄ±ao;â–¯ attacks â–¯ by doing â–¯.
duodeaq;â–¯ is a vehicle.
ryaqzÄ“o;â–¯ is the fruit of a Citrus Ã— sinensis tree.
cajoq;â–¯ directly causes â–¯.
KoqgÅ;â–¯ pertains to the culture of Congo, Republic of the[q].
adÄ«;â–¯ is fat (the substance).
maÄ±shua;â–¯ falls in love with â–¯.
Háº» ráº£qmÅÄ± hÃ¡ baq gáº£Ä±kÄ«u da.;Out of sight, out of mind.
muoqpuÄ±;â–¯ is heterogenous.
MÃ­eqchÅ«o pa lá»§Ä± gáº»Ä±bÄ“o da.;PrzebraÅ‚a siÄ™ miarka.
sheaqshaÄ±;â–¯ slips.
bÄ±qbÄ±q;â–¯ is a million.
deaqme;â–¯ are stairs.
FarÄqsÄ“tÅaq;â–¯ is the French language.
tuerÄ±oq;â–¯ is one mode/state of â–¯.
KubÄtÅaq;â–¯ is (one of) the language(s) spoken in Cuba â€“ Republic of Cuba.
TajÄ«kÄ«;â–¯ pertains to the culture of Tajikistan â€“ Republic of Tajikistan.
feaÄ±;â–¯ happens, and [the thing produced / emitted / released / created in that event] then goes on to be with â–¯ in binary predicate â–¯.
EkÅ«adÅrÅgÅ«a;â–¯ is the country Ecuador â€“ Republic of Ecuador.
feomÄ«eq;â–¯ navigates/determines one's direction/location through/in â–¯
gÄ±otÄ±tuao;â–¯ is ill-lit.
muagÄ±qtao;"â–¯ does â–¯ as an exception; â–¯ shows mercy in doing â–¯; â–¯ goes out of their way to do â–¯."
chuqmuaq(sho);â–¯ dies from starvation â–¯
UrÅ«gÅ«aÄ±gÅ«a;â–¯ is the country Uruguay â€“ Oriental Republic of Uruguay.
ZÄ±qbÄbÅ«egÅ«a;â–¯ is the country Zimbabwe â€“ Republic of Zimbabwe.
doecaq;â–¯ is an administers, maintains, supports â–¯.
HoqdÅ«rÄgÅ«a;â–¯ is the country Honduras â€“ Republic of Honduras.
tao jáº»aq já»e;"predicate: â€˜practiceâ€™; â–¯ practices skill â–¯."
guaqdÄ±Ì„u;â–¯ is topography.
tÄ±mÄ«q;"â–¯ is omnipresent; â–¯ is everywhere"
TogÅgÅ«a;â–¯ is the country Togo â€“ Togolese Republic.
IqdÅnÄ“sÄ«agÅ«a;â–¯ is the country Indonesia â€“ Republic of Indonesia.
muÄ±mÄ±u;â–¯ perceives â–¯ as meaning â–¯.
kÄ±oÄ±shÄ±;â–¯ is the first brew of tea (leaves) â–¯.
GuatÄ“mÄlÄtÅaq;â–¯ is (one of) the language(s) spoken in Guatemala â€“ Republic of Guatemala.
chekÅ«aÄ±;"â–¯is an armchair â–¯-ist; â–¯ is not really a professional and potentially merely an enthusiast and/or doesn't have formal education to/at satisfy(ing) property â–¯"
taotÅ«;â–¯, to each member of â–¯ one after the other, does â–¯ (2)
mÄ± Máº£qtÅmÅ«oÄ±(tÄ«aÄ±);"â€˜mastermorphixâ€™; â–¯ is a mastermorphix twisty puzzle."
chÄ±ekua;â–¯ is a classroom
UgÄqdÄtÅaq;â–¯ is (one of) the language(s) spoken in Uganda â€“ Republic of Uganda.
hÄ±aoshao;â–¯ is cruel towards â–¯.
juÄ±bÅ;â–¯ has â–¯ with them
gaqcÄ«a;"predicate: â€˜aloneâ€™; â–¯ is alone."
gukÄtÄ;â–¯ is a two (cards)
sÄ±qfuqle;â–¯ asks courteously for â–¯.
ekÅ«jÄ«o;â–¯ is a stable.
laÄ±chÄ“acÄ«a;â–¯ is written with sparse tone marking. Omits diacritics for tones 1 and 4.
faÄ±du;â–¯ (number or representation thereof) is the least n such that the n-th element of â–¯ satisfies the property â–¯.
koqtÅ;â–¯ is an internet account
guaqbÄ“otÅ«a;â–¯ terraforms â–¯
haqbÅe;â–¯ is a menu
hoene;â–¯ is an hour.
jajÄ;colloq. â–¯ is very/extremely/totally â–¯.
boeteÄ±muhuaqtuamu;â–¯ is flattered.
SuerÄ«e;â–¯ pertains to the culture of Sweden â€“ Kingdom of Sweden.
TajÄ«kÄ«tÅaq;â–¯ is (one of) the language(s) spoken in Tajikistan â€“ Republic of Tajikistan.
LÄ±etufatÅaq;â–¯ is (one of) the language(s) spoken in Lithuania â€“ Republic of Lithuania.
AcÄkÄ«;â–¯ pertains to the culture of Artsakh â†’ Artsakh.
BarÄjÄ«utÅaq;â–¯ is (one of) the language(s) spoken in Brazil â€“ Federative Republic of Brazil.
BaqlÄdÄ“shÄ«tÅaq;â–¯ is (one of) the language(s) spoken in Bangladesh â€“ People's Republic of Bangladesh.
AfÄgÄq;â–¯ pertains to the culture of Afghanistan â€“ Islamic Republic of Afghanistan.
SaodÄ«tÅaq;â–¯ is (one of) the language(s) spoken in Saudi Arabia â€“ Kingdom of Saudi Arabia.
Máº£ daâ€¦;â€˜Oh really?,â€™ â€˜Well I never,â€™ â€˜Huhâ€¦â€™.
taqtÅaq;â–¯ is an idiolect
cheoteq;â–¯ barters â–¯ with person â–¯ for â–¯.
duonÄ±eq;â–¯ is clumsy.
OsÈ³rÄ“Ä±lÄ«atÅaq;â–¯ is (one of) the language(s) spoken in Australia â€“ Commonwealth of Australia.
BenÄ“jÅ«elÄgÅ«a;â–¯ is the country Venezuela â€“ Bolivarian Republic of Venezuela.
BenÄ«q;â–¯ pertains to the culture of Benin â€“ Republic of Benin[i].
HoqdÅ«rÄ;â–¯ pertains to the culture of Honduras â€“ Republic of Honduras.
IqlÄq;â–¯ pertains to the culture of England.
nuÄ±nÅ«Ä±;colloq. â–¯ is tiny, â–¯ is minuscule
CoegÅ«aqgÅ«a;â–¯ is the country United Kingdom â€“ United Kingdom of Great Britain and Northern Ireland.
AmÄ“nÄ«atÅaq;â–¯ is (one of) the language(s) spoken in Armenia â€“ Republic of Armenia.
mÄ±aqmÄ±a;â–¯ is valuable.
GutÄq;â–¯ is Gothic / pertains to Gothic people, languages, and cultures.
LaqfÄ±atÅaq;â–¯ is (one of) the language(s) spoken in Latvia â€“ Republic of Latvia.
shoaÄ±xÄ“kÅ«;"â–¯ is a winged horse; â–¯ is a pegasus."
shuÄ±tÄ«;â–¯ is hidden at â–¯.
taotua;â–¯ makes â–¯ do â–¯ (property).
Ä±o;emphasis, attention-drawing, exclamation
hoqsÄ±u;â–¯ (event) is similar to â–¯ (event)
shÄ±kÄtÄ;â–¯ is the ace (cards)
soaose;â–¯ is sweat.
@toacÄ«a;â–¯ is chaotic.
chaÄ±loq;"â–¯ is water so hot that tea can brew; â–¯ is boiling hot."
hÄ±jeo;â–¯ is the indirect question of: what satisfies pâ€™ty â–¯.
saraÄ±mÄ±u;"â–¯ is a quantifier; â–¯ asserts that the possible values of free variable â–¯ in expression â–¯ are exactly the set â–¯."
mÄ±orÅ«Ä±;â–¯ is a member of the family Glaucus (blue dragon sea slugs)
NedÄ“lÄqgÅ«a;â–¯ is the Netherlands.
lÄ±adao;"â–¯ is a tag; â–¯ tags â–¯; â–¯ is complementary information to object â–¯."
moqsuta;â–¯ is a monster
HuqsÄ± ka.;Oops
naqxÄÄ±;â–¯ is masculine
naoloqchuo;â–¯ is a kettle.
KotÄ«bÅ«arÄ“tÅaq;â–¯ is (one of) the language(s) spoken in CÃ´te d'Ivoire â†’ Ivory Coast.
lemuÄ±;interpretation (PAI)
muaqde;â–¯ is beautiful in its deathly transience or reminder thereof.
BelÄ«jÄ“gÅ«a;â–¯ is the country Belize.
choacÄ±a;â–¯ is dumbfounded, unable to speak.
raqtaq;â–¯ is meta.
memÅ«oq;â–¯ is made of â–¯ collectively.
malÄhÄ«;â–¯ is an angel.
BakÄjÄ«atÅaq;â–¯ is (one of) the language(s) spoken in Abkhazia â†’ Abkhazia.
koaqnuase;â–¯ is the harvest from plant(ation) â–¯.
TubÄlÅ«;â–¯ pertains to the culture of Tuvalu.
reotuaÄ±;â–¯ is a chromosome.
mÄ± áº¢Ä±sÅpÅ;â–¯ is Aesop.
TaÄ±bÄqtÅaq;â–¯ is (one of) the language(s) spoken in Taiwan (Republic of China) â†’ Taiwan.
chÄ±chuaq;â–¯ is a religion â€“ a system of dogmas (beliefs) â–¯.
SÄ±rÄ«agÅ«a;â–¯ is the country Syria â€“ Syrian Arab Republic.
ruaÄ±ruÄ±;â–¯ is Earl Grey (Earl Gray) tea.
hoetoaq;â–¯ is Toaq.
UsÅnÄgÅ«a;â–¯ is the country United States â€“ United States of America.
faÄ±jÄ±;â–¯ is the earliest element of â–¯ that satisfies the property â–¯.
nÄ±tÅsÄÄ±;â–¯ is (a quantity of) Nitrogen (element 7)
PÄ±kÄchÅ«;â–¯ is/are Pikachu.
RasÄ«ygÅ«a;â–¯ is the country Russia â€“ Russian Federation.
zuymÅ«o;"predicate: â€˜wreckedâ€™; â–¯ is completely wrecked/broken/inoperable, without hope of being repaired."
kuochaÄ±;â–¯ is black tea.
ErÄ«e;â–¯ pertains to the culture of Ireland[25].
AmÄ“nÄ«a;â–¯ pertains to the culture of Armenia â€“ Republic of Armenia.
daqguo;â–¯ is a time/occasion.
suaÄ±sÄ±umoÄ±;â–¯ intuits â–¯
SamÅa;â–¯ pertains to the culture of Samoa â€“ Independent State of Samoa.
chuajoe;"â–¯ has title â–¯ in field â–¯; â–¯ is certified with honorary affix â–¯ to have gained expertise on subject â–¯/1."
shebÄqsÄ«xÄ“kÅ«;â–¯ is a Przewalski's horse (Equus ferus przewalskii).
hoejÄ«aÄ±;â–¯ navigates/determines one's direction/location through/in â–¯
kakÄo;â–¯ is a cacao/cocoa tree (Theobroma cacao).
hÄ±moq;â–¯ is a â€˜hiâ€¦ moqâ€™ question.
mÄ±qdoe;#doemiq
IrÄnÄ«;â–¯ pertains to the culture of Iran â€“ Islamic Republic of Iran.
Dá»§Ä± bá»‰ao jÃ­ da ká»§q sÃºq sa dá»§ehÄ“a jÃ­ ba;I'm too confused. Tell me a hint!
joagu;Tuesday
toashÅ«aq;â–¯ coins lexical item â–¯
jaqhÄ±;"â–¯ is moderately â–¯; â–¯ is not much, but not little in property â–¯."
rÄ±olaÄ±;comma (,)
JuesÄ“Ä±gÅ«a;â–¯ is the country United States â€“ United States of America.
IrÄkÄ«tÅaq;â–¯ is (one of) the language(s) spoken in Iraq â€“ Republic of Iraq.
hÄ±uâ€™Ä“kÅ«;â–¯ is a hippopotamus.
NedÄ“lÄq;â–¯ is Dutch / is of the Netherlands, its languages or people.
PolÄqgÅ«a;â–¯ is the country Poland â€“ Republic of Poland.
lueqkea;â–¯ is a server.
poraq;â–¯ is Polish.
sÄ±sa;â–¯ is conscious.
BakÄjÄ«a;â–¯ pertains to the culture of Abkhazia â†’ Abkhazia.
O(sÈ³)tÄ“rÄÄ±;â–¯ pertains to the culture of Austria â€“ Republic of Austria.
FuaqgÅ«olÄÄ±;â–¯ is a map of 3D space â–¯
moejeq;â–¯ sympathises (sympathizes) with â–¯ in feeling â–¯.
DoÄ±chÄ“tÅaq;â–¯ is the German language.
LaqfÄ±a;â–¯ pertains to the culture of Latvia â€“ Republic of Latvia.
joegÄ±;â–¯ is a master at â–¯.
rÄ±utÅ«e;â–¯ is the anniversary of â–¯
PolÄq;â–¯ pertains to the culture of Poland â€“ Republic of Poland.
HoqdÅ«rÄtÅaq;â–¯ is (one of) the language(s) spoken in Honduras â€“ Republic of Honduras.
Toaqzu;â–¯ is the Toaq language.
oÄ±;extreme doubt illocution
AcÄkÄ«tÅaq;â–¯ is (one of) the language(s) spoken in Artsakh â†’ Artsakh.
KoqgÅtÅaq;â–¯ is (one of) the language(s) spoken in Congo, Republic of the[q].
KÄ±rÄ«bÄtÄ«;â–¯ pertains to the culture of Kiribati â€“ Republic of Kiribati.
toaÄ±daq;â–¯ is a second.
gÄ±aqteÄ±;"â–¯ is a melody; â–¯ is a/the melody to music fragment â–¯."
raqtaqraqtaqshoceo;â–¯(event) starts to become meta meta
OsÈ³rÄ“Ä±lÄ«agÅ«a;â–¯ is the country Australia â€“ Commonwealth of Australia.
JuqgÅ«o;â–¯ is Chinese / is of China, its languages or people.
doedao;"â–¯ encodes information about performing task â–¯; â–¯ is computer code for doing â–¯."
shueboe;"â–¯ are tea leaves that can no longer be brewed; â–¯ is used tea leaf."
SepÄ“rÄqtÅtÅaq;â–¯ is Esperanto (the language).
BanÅ«atÅ«gÅ«a;â–¯ is the country Vanuatu â€“ Republic of Vanuatu.
BarÄÄ±nÄ«tÅaq;â–¯ is (one of) the language(s) spoken in Bahrain â€“ Kingdom of Bahrain.
MÃ­ Jáº»o;True [boolean value]
seaqrÄ±oqbuÄ±;â–¯ is non-binary.
rÄ±aÄ±mu;â–¯ hangs off of â–¯.
BÄ±enÄqtÅaq;â–¯ is (one of) the language(s) spoken in Vietnam â€“ Socialist Republic of Vietnam.
Há»§Ä± lÃ» cá»§a hÃ¡ baq há»§Ä± baq há»§Ä± da.;Two wrongs don't make a right.
luaqjaqkeq;â–¯ is the game of rock-paper-sciccors.
huÄ±moaq;â–¯ has â–¯ on their conscience.
nuogaq;â–¯ sleeps with â–¯, literally.
UsÅnÄ;â–¯ pertains to the culture of United States â€“ United States of America.
BaqlÄdÄ“shÄ«;â–¯ pertains to the culture of Bangladesh â€“ People's Republic of Bangladesh.
naobÅ«aq(mÅe);â–¯ feels as if they are repeatedly taking water in their hands, only to watch it consistently fall out (a specific type of frustration)
mÄ± Sháº»Ä±shÄhÄ;â–¯ is Lichessâ€”the free online chess server
colÄ±jeo;â–¯ is a piecewise predicate which, depending on the arity, expands to one of the following predicates with the matching arity.
logaq;"â–¯ is the main branch of the logarithm function; â–¯ = ln â–¯."
zeolÅq;â–¯ is a chilli/chili.
nuaÄ±rÄ±Ì„oq;â–¯ is currency
Ã¹;expression of pity
EkÅ«adÅrÅ;â–¯ pertains to the culture of Ecuador â€“ Republic of Ecuador.
kÄ±eqgue;"â–¯ has recoiled in disgust; â–¯ cringes."
nefuaq;chart
TogÅtÅaq;â–¯ is (one of) the language(s) spoken in Togo â€“ Togolese Republic.
BosÅ«anÄgÅ«a;â–¯ is the country Botswana â€“ Republic of Botswana.
IqlÄqpÄ«ucÄ«ubÄ«a;â–¯ suffers from the English sweating sickness (sudor anglicus).
foazÄmÄ“mÄ“;â–¯  vibe checks  â–¯
poaqnua;â–¯ breaks a piece off of â–¯
TunÄ“sÄ«atÅaq;â–¯ is (one of) the language(s) spoken in Tunisia â€“ Tunisian Republic.
JemÄ“qgÅ«a;â–¯ is the country Yemen â€“ Republic of Yemen.
muÄ±huÄ±;"â–¯ is pejorative; â–¯ carries negative connotations â–¯."
kaosu;chaos
garÄpÅ«ekÄtÅ;â–¯ is a slug-cat.
foqchÄ±u;â–¯ is a phone number.
SaodÄ«;â–¯ pertains to the culture of Saudi Arabia â€“ Kingdom of Saudi Arabia.
heotoaqtua;"â–¯ exports â–¯ from Toaq as â–¯; â–¯ translates â–¯ from Toaq as â–¯."
hoqnÄ±;â–¯ is the matter at hand.
raqkuq;â–¯ comments on â–¯.
ZaqbÄ«agÅ«a;â–¯ is the country Zambia â€“ Republic of Zambia.
JuqgÅ«ogÅ«a;â–¯ is China.
KenÄ«a;â–¯ pertains to the culture of Kenya â€“ Republic of Kenya.
HaÄ±tÄ±;â–¯ pertains to the culture of Haiti â€“ Republic of Haiti.
nukuÄ±;"â–¯ is therefore; Therefore, â–¯."
peopÄq;â–¯ is a hole through â–¯
SÄ±rÄ«atÅaq;â–¯ is (one of) the language(s) spoken in Syria â€“ Syrian Arab Republic.
guojuaq;â–¯ happens *again*.
joqshaqmuqtoq;â–¯ face-palms.
jeaqcÄ±a;"â–¯ satisfies property â–¯ at its (their) maximum; â–¯ can â–¯ no more than they (it) currently are (is)."
taodÄ±eq;â–¯ sends â–¯ to do â–¯.
jokÄtÄ;â–¯ is a four (cards)
moÄ±chÄ±Ì„aÄ±dÄ±Ì„u;â–¯is psychiatry
neqdoa;â–¯ wishes (to person) â–¯ that â–¯ happens.
CoegÅ«aqtÅaq;â–¯ is (one of) the language(s) spoken in United Kingdom â€“ United Kingdom of Great Britain and Northern Ireland.
balÅ«;"â–¯ should/ought to be the case; may â–¯ be the case!"
teÄ±dÄ±Ì„u;â–¯ is geometry.
nÄ±aqjÅ«e;â–¯ is calendar â–¯ (Mayan calendar, Gregorian, Muslim calendar, etc.)
zurÅ«hÄ«ao;â–¯ electrocutes â–¯
AgÄ“qtÄ«nÄgÅ«a;â–¯ is the country Argentina â€“ Argentine Republic[g].
zoÄ±;Particle: the following word renders the containing predicate false, but replace it with another word that is thought of by the user of zoi and it becomes true. May be used for sarcasm.
saopoq;â–¯ is a tall person.
tÄ±mÄ±a;"â–¯ holds many â–¯; â–¯ is full of â–¯; â–¯ is where it many â–¯ gives."
maxÄ«pÄÄ±;â–¯ and â–¯ have a romance.
mÄ± áººutÅaq;â–¯ is Esperanto.
tushÄ±;â–¯ is the set of all individuals that satisfy property â–¯.
AmÄ“nÄ«agÅ«a;â–¯ is the country Armenia â€“ Republic of Armenia.
pÄ±odÄ±Ì„u;â–¯ is geology.
SenÄ“gÄlÄgÅ«a;â–¯ is the country Senegal â€“ Republic of Senegal.
kÄ±aqnua;â–¯ cuts/trims/shaves hair â–¯ off body â–¯.
joafe;Friday
doekaÄ±che;â–¯ is a programmer.
soamuoq;â–¯ is an enzyme or catalyst for reaction â–¯.
BahÄmÄtÅaq;â–¯ is (one of) the language(s) spoken in The Bahamas â†’ Bahamas, The.
naqrÅ«o;â–¯ is masculine
AqtÄ«gÅ«arÅÄ±bÄbÅ«dÄ;â–¯ pertains to the culture of Antigua and Barbuda.
hapÄ±puebea;"â–¯ is beeâ€™s knees; â–¯ is among the 12 knees that bee â–¯ has."
TajÄ«kÄ«gÅ«a;â–¯ is the country Tajikistan â€“ Republic of Tajikistan.
daÄ±jÄ“o;â–¯ could end up satisfying property â–¯ depending on how things go
Chosoq/gaokoreagÅ«a;â–¯ is the country North Korea â†’ Korea, North.
gÄ±aqlaÄ±;â–¯ is a note (musical) signifying â–¯.
reqdÄ“;â–¯ is a cute person. (This word is up to 20% sexual in connotation, do not use to describe small children)
chaÄ±boe;â–¯ is tea leaf that yields tea â–¯.
ButÄqgÅ«a;â–¯ is the country Bhutan â€“ Kingdom of Bhutan.
SepÄ“rÄqtÅaq;â–¯ is Esperanto (the language).
TunÄ“sÄ«a;â–¯ pertains to the culture of Tunisia â€“ Tunisian Republic.
RasÄ«y;â–¯ pertains to the culture of Russia â€“ Russian Federation.
GanÄ;â–¯ pertains to the culture of Ghana â€“ Republic of Ghana.
EkÅ«adÅrÅtÅaq;â–¯ is (one of) the language(s) spoken in Ecuador â€“ Republic of Ecuador.
caÄ±rÄ“o;â–¯ is brightly colored.
hoqba;â–¯ is such that â–¯ has expressed it with #ba.
doqdaq;â–¯ is a minute.
jÄ±poÄ±;â–¯ is an event in which I am x1.
koese;"â–¯ was chosen from a set of â–¯-ers for purpose â–¯; â–¯ is a particular â–¯-er."
suqre;â–¯ is in relation â–¯/2 with you.
BelÄrÅ«sÄ«;â–¯ pertains to the culture of Belarus â€“ Republic of Belarus.
monu;â–¯ goes by the lines of the most recent #mo-quote.
lÄ±meq;â–¯ bloats dictionary â–¯ with miscellaneous coinages â–¯.
tuqmu;"Property â–¯ uniquely identifies â–¯; â–¯ is â–¯â€™s identity (one sense)."
seaqrÄ±oqduomuoq;â–¯ is gender-fluid.
faqru;â–¯ is a function defined to have value â–¯ with variable â–¯ replaced with the argument.
FarÄqsÄ“gÅ«a;â–¯ is France.
BahÄmÄgÅ«a;â–¯ is the country The Bahamas â†’ Bahamas, The.
kÄ±oqgÄ«o;â–¯ is a lantern.
hakepetecuaq;"â–¯ is the result of applying the Ackermannâ€“PÃ©ter function to arguments â–¯ and â–¯; â–¯ = ack(â–¯, â–¯)."
BarÄÄ±nÄ«gÅ«a;â–¯ is the country Bahrain â€“ Kingdom of Bahrain.
chÄ±aÄ±tÄq;â–¯ is a paradox.
Dehaq/Guqkorea;â–¯ pertains to the culture of South Korea â†’ Korea, South.
jÄ±qkaq;"â–¯ is real; â–¯ is out there."
ruoluaq;"â–¯ pretends to be â–¯; â–¯ plays out â–¯; â–¯ does impression â–¯."
feÄ±luaq;"â–¯ teases, nags, pranks, picks on, bullies â–¯; â–¯ harasses â–¯ for their own enjoyment."
IqdÅnÄ“sÄ«atÅaq;â–¯ is (one of) the language(s) spoken in Indonesia â€“ Republic of Indonesia.
faqxÅ«esÄ“;agreement particle
IqlÄqgÅ«a;â–¯ is England.
Háº£o ba.;elliptical request/command/suggestion
nÄ±aqjÅ«emÄ«ao;â–¯ is a lunar calendar (a calendar that tracks the movement of the Moon around the Earth)
kaqpua;"pleasant to look at; handsome; (another sense of) beautiful"
forÄ«qsÄÄ±;â–¯ is (a quantity of) Fluorine (element 9)
guabua;"â–¯ inhabits country â–¯; â–¯ is from country â–¯; â–¯ is a â–¯-er; â€˜â–¯ comes from â–¯.â€™"
ItÄlÄ«a;â–¯ pertains to the culture of Italy â€“ Italian Republic.
SÄ±qgÄpÅ«rÄtÅaq;â–¯ is (one of) the language(s) spoken in Singapore â€“ Republic of Singapore.
NÄ±hÅqtÅaq;â–¯ is the Japanese language.
